fold_id,model_type,n_train_windows,n_val_windows,n_test_windows,accuracy,macro_f1,val_accuracy,val_macro_f1,train_seconds,inference_ms,fold_seed
intra_loso_session__VP_01__2026-02-26_12:30:21_3rep,lda,52524,0,1142,0.8441330998248686,0.8264763077200897,,,0.3554089069366455,0.001528843480526,189412331
intra_loso_session__VP_01__2026-02-26_12:50:17_3rep,lda,52527,0,1139,0.926251097453907,0.9274400894279512,,,0.4037530422210693,0.0063071029033443,500512043
intra_loso_session__VP_01__2026-03-02_10:15:18_3rep,lda,52527,0,1139,0.228270412642669,0.1592147383595861,,,0.3503918647766113,0.0088106026452711,1737219578
intra_loso_session__VP_01__2026-03-02_12:29:32_3rep,lda,52529,0,1137,0.7255936675461742,0.679769685361235,,,0.3833432197570801,0.0019604004362537,408503180
intra_loso_session__VP_01__2026-03-02_12:33:18_3rep,lda,52528,0,1138,0.835676625659051,0.8254186576072191,,,0.3699700832366943,0.0030106107044722,429898975
intra_loso_session__VP_01__2026-03-02_12:35:53_5rep,lda,49377,0,4289,0.5402191653065983,0.3985698760017786,,,0.3852982521057129,0.0008505022756479,1288493233
intra_loso_session__VP_01__2026-03-03_13:21:53_3rep,lda,52525,0,1141,0.8816827344434707,0.8846806640249698,,,0.3966829776763916,0.0018011990813807,650755789
intra_loso_session__VP_01__2026-03-03_14:31:55_3rep,lda,52526,0,1140,0.881578947368421,0.8816028064115999,,,0.3514409065246582,0.0017638792071426,1867150973
intra_loso_session__VP_01__2026-03-10_13:44:35_3rep,lda,52527,0,1139,0.7901668129938543,0.7640295323593445,,,0.3724520206451416,0.0018612976342151,1414323532
intra_loso_session__VP_01__2026-03-16_11:04:06_3rep,lda,52525,0,1141,0.3803680981595092,0.3846625136513821,,,0.3692500591278076,0.0020550803904153,275391753
intra_loso_session__VP_01__2026-03-16_11:11:49_3rep,lda,52528,0,1138,0.9121265377855888,0.9069773436411448,,,0.3818898200988769,0.0018664948341088,1732208300
intra_loso_session__VP_01__2026-03-20_11:10:16_3rep,lda,52527,0,1139,0.520632133450395,0.339534256278742,,,0.3887550830841064,0.0049904629889028,694142085
intra_loso_session__VP_01__2026-03-20_12:54:45_10rep,lda,47380,0,6286,0.9707286032453072,0.9678404949251104,,,0.2998228073120117,0.0007781032692123,295399802
intra_loso_session__VP_01__2026-03-20_14:17:17_3rep,lda,52527,0,1139,0.913081650570676,0.9093129224071008,,,0.3880660533905029,0.003296832854126,9066959
intra_loso_session__VP_01__2026-03-20_14:18:36_3rep,lda,52527,0,1139,0.887620719929763,0.8754482754045133,,,0.392007827758789,0.002080877168436,661526206
intra_loso_session__VP_01__2026-03-20_14:20:18_3rep,lda,52525,0,1141,0.936897458369851,0.936572497687198,,,0.397662878036499,0.0016722733466694,948640969
intra_loso_session__VP_01__2026-03-24_08-57-34_3rep,lda,52528,0,1138,0.9235500878734624,0.9186824427953196,,,0.3359308242797851,0.0018130706358039,1573234420
intra_loso_session__VP_01__2026-03-24_09-35-44_3rep,lda,52526,0,1140,0.7342105263157894,0.6963874158039699,,,0.3789100646972656,0.0016147630256518,1654308003
intra_loso_session__VP_01__2026-03-25_10-21-07_5rep,lda,49382,0,4284,0.6676003734827264,0.5612905001622804,,,0.3545362949371338,0.0005578683092703,146413436
intra_loso_session__VP_01__2026-03-25_13-36-55_3rep,lda,52527,0,1139,0.8735733099209834,0.8510303031379975,,,0.3386881351470947,0.0013231289187892,220630452
intra_loso_session__VP_01__2026-03-25_13-55-45_3rep,lda,52526,0,1140,0.9447368421052632,0.9408445892441212,,,0.3444581031799316,0.0017948317946049,2127310633
intra_loso_session__VP_01__2026-03-26_12-38-48_3rep,lda,52526,0,1140,0.5684210526315789,0.3947002648078852,,,0.3861711025238037,0.0010536428083453,1517294484
intra_loso_session__VP_01__2026-03-30_09-32-13_3rep,lda,52526,0,1140,0.7342105263157894,0.6776270403550584,,,0.3599841594696045,0.0019079760501259,1192193346
intra_loso_session__VP_01__2026-03-30_09-41-33_3rep,lda,52526,0,1140,0.7745614035087719,0.7553429951521268,,,0.3940658569335937,0.0015177224811754,1638391934
intra_loso_session__VP_01__2026-04-27_09-29-56_3rep,lda,52527,0,1139,0.8770851624231782,0.8696538927064672,,,0.3880698680877685,0.001364156172085,1503131241
intra_loso_session__VP_01__2026-04-30_09-04-04_3rep,lda,52964,0,702,0.9387464387464388,0.7164642590443602,,,0.3522591590881347,0.0017307422779224,1942562575
intra_loso_session__VP_01__2026-04-30_09-24-27_3rep,lda,52961,0,705,0.8964539007092198,0.7108227183490846,,,0.334407091140747,0.002788651919534,2139282816
intra_loso_session__VP_01__2026-04-30_09-51-33_3rep,lda,52968,0,698,0.836676217765043,0.5784954450819835,,,0.3973197937011719,0.0030328346186859,1202570900
intra_loso_session__VP_01__2026-04-30_09-58-03_3rep,lda,52968,0,698,0.8724928366762178,0.6571764405702163,,,0.3441460132598877,0.0032579318158606,943511064
intra_loso_session__VP_01__2026-04-30_10-25-22_3rep,lda,52970,0,696,0.8505747126436781,0.6624766410027734,,,0.333327054977417,0.0039527471038116,480235492
intra_loso_session__VP_01__2026-04-30_11-12-19_3rep,lda,52968,0,698,0.7636103151862464,0.3561028108381869,,,0.3487172126770019,0.0029986772291298,1122573556
intra_loso_session__VP_01__2026-04-30_11-29-09_3rep,lda,52735,0,931,0.8506981740064447,0.819616033944175,,,0.3763101100921631,0.0011667401142714,253320340
intra_loso_session__VP_01__2026-05-01_11-38-54_3rep,lda,52561,0,1105,0.2479638009049773,0.1603337540984908,,,0.3653340339660644,0.0020352963408733,189382112
intra_loso_session__VP_01__2026-05-04_08-55-07_3rep,lda,52963,0,703,0.9758179231863442,0.7360576359902432,,,0.3619608879089355,0.0027809848486953,1901635351
intra_loso_session__VP_01__2026-05-04_09-00-24_3rep,lda,52959,0,707,0.99009900990099,0.9900918241772112,,,0.3775029182434082,0.0058670529550339,388695375
intra_loso_session__VP_01__2026-05-04_09-30-37_3rep,lda,51681,0,1985,0.9224181360201512,0.9069797374476708,,,0.3675127029418945,0.00129370605315,1815580470
intra_loso_session__VP_01__2026-05-04_09-43-34_3rep,lda,51616,0,2050,0.8878048780487805,0.8684688123944077,,,0.3466501235961914,0.001411670591773,1287966883
intra_loso_session__VP_01__2026-05-04_11-53-40_3rep,lda,51605,0,2061,0.2464822901504124,0.338328971829498,,,0.3332459926605224,0.0005869654878026,1910898276
intra_loso_session__VP_02__2026-02-04_15:06:58_5rep,lda,12257,0,3636,0.5156765676567657,0.3984823757381676,,,0.1726150512695312,0.0014069712463647,2058414634
intra_loso_session__VP_02__2026-02-24_12:46:57_3rep,lda,14755,0,1138,0.289103690685413,0.2386400267660547,,,0.1460630893707275,0.0013066930385381,688644171
intra_loso_session__VP_02__2026-02-24_12:57:14_5rep,lda,11612,0,4281,0.7535622518103247,0.6431506802055111,,,0.1477770805358886,0.0008147778117859,2108832675
intra_loso_session__VP_02__2026-05-06_10-43-57_3rep,lda,14754,0,1139,0.8024582967515365,0.7693832190560275,,,0.1312952041625976,0.0017130971478201,546323979
intra_loso_session__VP_02__2026-05-06_10-51-06_3rep,lda,14752,0,1141,0.8422436459246275,0.8059069715369676,,,0.1295790672302246,0.0031061281142372,813097269
intra_loso_session__VP_02__2026-05-06_10-54-51_3rep,lda,14754,0,1139,0.8419666374012291,0.8192450189017695,,,0.1373548507690429,0.0017794524503444,459611127
intra_loso_session__VP_02__2026-05-06_11-02-58_3rep,lda,14753,0,1140,0.8508771929824561,0.8186243902868189,,,0.1328117847442627,0.0015762814304284,869292292
intra_loso_session__VP_02__2026-05-06_11-08-12_3rep,lda,14754,0,1139,0.8428446005267779,0.8117620164956743,,,0.1416158676147461,0.0039614324929737,1993391468
intra_loso_session__VP_02__2026-05-06_11-09-25_3rep,lda,14753,0,1140,0.8666666666666667,0.8410747219439927,,,0.1366121768951416,0.0017141041002775,476042812
intra_loso_session__VP_04__2026-03-25_14-44-10_5rep,lda,6528,0,2931,0.1804844762879563,0.1262578365752888,,,0.0798909664154052,0.0013487609894517,1166952346
intra_loso_session__VP_04__2026-03-25_15-12-50_5rep,lda,7931,0,1528,0.3403141361256545,0.1319602519356925,,,0.052415132522583,0.0025654962549658,1925861110
intra_loso_session__VP_04__2026-03-26_14-55-57_manual,lda,5957,0,3502,0.3557966876070816,0.1832015275350818,,,0.0651180744171142,0.001532019784558,2093096390
intra_loso_session__VP_04__2026-03-27_10-48-46_manual,lda,7961,0,1498,0.6909212283044058,0.2043031977891828,,,0.0663542747497558,0.0015427178152412,376773547
intra_loso_session__VP_06__2026-05-04_11-21-18_3rep,lda,5513,0,2054,0.365141187925998,0.1875858146529386,,,0.0560829639434814,0.0026611413556389,1841673543
intra_loso_session__VP_06__2026-05-04_11-31-06_3rep,lda,5514,0,2053,0.6824159766195811,0.6886371879583181,,,0.0538349151611328,0.0027437298343173,2031432543
intra_loso_session__VP_06__2026-05-04_11-36-55_3rep,lda,6144,0,1423,0.6444132115249473,0.4903467589625337,,,0.0655281543731689,0.0015060749174588,439268309
intra_loso_session__VP_06__2026-05-04_11-57-35_3rep,lda,5530,0,2037,0.4452626411389297,0.4694291053219283,,,0.0492861270904541,0.0012282594840902,1208293712
intra_loso_session__VP_12__2026-05-04_14-30-45_5rep,lda,7914,0,4282,0.5016347501167678,0.4493403373054144,,,0.0778548717498779,0.0012503333984831,2052710791
intra_loso_session__VP_12__2026-05-04_14-45-30_3rep,lda,11057,0,1139,0.6619841966637401,0.7036355992999206,,,0.1036851406097412,0.0027473607117717,1851699213
intra_loso_session__VP_12__2026-05-04_14-46-56_3rep,lda,11056,0,1140,0.8280701754385965,0.8132203101915573,,,0.1037719249725341,0.0021658445659436,1434901923
intra_loso_session__VP_12__2026-05-04_14-51-35_3rep,lda,11057,0,1139,0.6382791922739245,0.5232984723265119,,,0.1084451675415039,0.0013756689217343,1207715756
intra_loso_session__VP_12__2026-05-04_14-57-16_3rep,lda,11057,0,1139,0.7111501316944688,0.6896781495285879,,,0.1145641803741455,0.0039559901022304,2088161813
intra_loso_session__VP_12__2026-05-04_14-58-52_3rep,lda,11057,0,1139,0.7199297629499561,0.655914052479847,,,0.1236979961395263,0.0028149719506214,1718426784
intra_loso_session__VP_12__2026-05-04_15-00-08_3rep,lda,9978,0,2218,0.7858431018935979,0.6064807086969504,,,0.0984640121459961,0.0013544067162667,1688714134
intra_loso_session__VP_13__2026-05-06_12-30-00_3rep,lda,11304,0,1140,0.7482456140350877,0.7188795122699356,,,0.104001760482788,0.0028240053277266,1634242905
intra_loso_session__VP_13__2026-05-06_12-36-17_3rep,lda,10259,0,2185,0.8846681922196796,0.7533022403665934,,,0.0979371070861816,0.0013665694666672,294760903
intra_loso_session__VP_13__2026-05-06_12-43-14_3rep,lda,11301,0,1143,0.8888888888888888,0.890146180922146,,,0.0965361595153808,0.0015316777133357,99923520
intra_loso_session__VP_13__2026-05-06_12-50-29_3rep,lda,11306,0,1138,0.9305799648506152,0.9323292081721154,,,0.0968289375305175,0.0017290584651363,1726682160
intra_loso_session__VP_13__2026-05-06_12-51-44_3rep,lda,11304,0,1140,0.913157894736842,0.9131224556116578,,,0.1103310585021972,0.0027271739223547,741291629
intra_loso_session__VP_13__2026-05-06_12-56-17_3rep,lda,11303,0,1141,0.915863277826468,0.9178256979334796,,,0.1002659797668457,0.0014231980212627,191745202
intra_loso_session__VP_13__2026-05-06_12-57-31_3rep,lda,11305,0,1139,0.8920105355575065,0.8939692505349832,,,0.0941817760467529,0.001522613471804,1978830891
intra_loso_session__VP_13__2026-05-06_13-06-21_3rep,lda,11305,0,1139,0.8999122036874452,0.9016944666856076,,,0.1100606918334961,0.0019456546907366,373034028
intra_loso_session__VP_13__2026-05-06_13-12-22_3rep,lda,11304,0,1140,0.8912280701754386,0.8946646700501326,,,0.1118779182434082,0.0015499299032646,1718124164
intra_loso_session__VP_13__2026-05-06_13-13-37_3rep,lda,11305,0,1139,0.9183494293239683,0.9237978080786712,,,0.100341796875,0.0018788807427705,1993398750
intra_loso_session__VP_14__2026-05-13_15-57-37_5rep,lda,2442,0,3080,0.3574675324675325,0.3388490718122613,,,0.0393908023834228,0.0012020012000938,36161790
intra_loso_session__VP_14__2026-05-13_16-11-51_4rep,lda,3080,0,2442,0.5151515151515151,0.4042040999311712,,,0.0388460159301757,0.0012545776992035,954046294
intra_loso_session__VP_01__2026-02-26_12:30:21_3rep,svm,52524,0,1142,0.8642732049036778,0.8448151604767812,,,28.796963930130005,0.6080095488219253,417011459
intra_loso_session__VP_01__2026-02-26_12:50:17_3rep,svm,52527,0,1139,0.9394205443371378,0.942053060720134,,,28.826642990112305,0.5643212868520521,1866427352
intra_loso_session__VP_01__2026-03-02_10:15:18_3rep,svm,52527,0,1139,0.4995610184372256,0.5217807373826892,,,27.96466302871704,0.6000386506868518,1920095863
intra_loso_session__VP_01__2026-03-02_12:29:32_3rep,svm,52529,0,1137,0.7176781002638523,0.6979904650854211,,,27.96874690055847,0.5673800210944371,955156995
intra_loso_session__VP_01__2026-03-02_12:33:18_3rep,svm,52528,0,1138,0.804920913884007,0.8023867959227645,,,28.38716506958008,0.5987021541763065,1779992683
intra_loso_session__VP_01__2026-03-02_12:35:53_5rep,svm,49377,0,4289,0.4700396362788528,0.3081924658687844,,,25.405762672424316,0.5351962896459557,770855495
intra_loso_session__VP_01__2026-03-03_13:21:53_3rep,svm,52525,0,1141,0.9079754601226994,0.907947115785435,,,27.36075711250305,0.5551218255165896,686228278
intra_loso_session__VP_01__2026-03-03_14:31:55_3rep,svm,52526,0,1140,0.8675438596491228,0.8641195478241769,,,27.635107278823853,0.5468184487861499,1545118993
intra_loso_session__VP_01__2026-03-10_13:44:35_3rep,svm,52527,0,1139,0.7225636523266022,0.7489450099283215,,,53.8634660243988,2.0532218691965696,1061084930
intra_loso_session__VP_01__2026-03-16_11:04:06_3rep,svm,52525,0,1141,0.8150744960560912,0.8308339231246319,,,127.09851598739624,2.705913170924007,2137716427
intra_loso_session__VP_01__2026-03-16_11:11:49_3rep,svm,52528,0,1138,0.953427065026362,0.9525434904930008,,,103.52504086494446,0.5985984483795971,1849866103
intra_loso_session__VP_01__2026-03-20_11:10:16_3rep,svm,52527,0,1139,0.4284460052677787,0.2276772693140704,,,28.705010175704956,0.5998358169703027,177974799
intra_loso_session__VP_01__2026-03-20_12:54:45_10rep,svm,47380,0,6286,0.977728285077951,0.97587170154921,,,30.33331608772278,0.6563983599243747,587915773
intra_loso_session__VP_01__2026-03-20_14:17:17_3rep,svm,52527,0,1139,0.9376646180860404,0.9381615866834878,,,32.753599882125854,0.6406533288997553,1736984880
intra_loso_session__VP_01__2026-03-20_14:18:36_3rep,svm,52527,0,1139,0.8999122036874452,0.898096197048535,,,29.013511896133423,0.6124380913819002,2020201467
intra_loso_session__VP_01__2026-03-20_14:20:18_3rep,svm,52525,0,1141,0.943908851884312,0.9427178990081118,,,28.89623117446899,0.6071534938294045,1025655229
intra_loso_session__VP_01__2026-03-24_08-57-34_3rep,svm,52528,0,1138,0.9437609841827768,0.9404196739084678,,,28.76789712905884,0.6157065527300843,385644184
intra_loso_session__VP_01__2026-03-24_09-35-44_3rep,svm,52526,0,1140,0.7956140350877193,0.7936364699059771,,,28.156831979751587,0.6012780624523497,154742363
intra_loso_session__VP_01__2026-03-25_10-21-07_5rep,svm,49382,0,4284,0.4049953314659197,0.2959029459546023,,,28.077619075775143,0.6076951765991838,124631652
intra_loso_session__VP_01__2026-03-25_13-36-55_3rep,svm,52527,0,1139,0.884108867427568,0.8637919003193602,,,28.68055009841919,0.6138384603847005,956805748
intra_loso_session__VP_01__2026-03-25_13-55-45_3rep,svm,52526,0,1140,0.9675438596491228,0.9662895999120902,,,27.600898027420044,0.6119278439304285,1737461859
intra_loso_session__VP_01__2026-03-26_12-38-48_3rep,svm,52526,0,1140,0.637719298245614,0.4976959295372044,,,27.25316309928894,0.5923825397826078,1728780233
intra_loso_session__VP_01__2026-03-30_09-32-13_3rep,svm,52526,0,1140,0.8824561403508772,0.8645615644403231,,,29.16588020324707,0.6021342779460707,2077240972
intra_loso_session__VP_01__2026-03-30_09-41-33_3rep,svm,52526,0,1140,0.9228070175438596,0.9255120662342964,,,27.735936880111694,0.6150369058575547,1548492459
intra_loso_session__VP_01__2026-04-27_09-29-56_3rep,svm,52527,0,1139,0.8331870061457419,0.8139353279023591,,,28.983670949935913,0.617623643146679,741697677
intra_loso_session__VP_01__2026-04-30_09-04-04_3rep,svm,52964,0,702,0.95014245014245,0.7291671180247128,,,28.92198395729065,0.6200268737271301,773742580
intra_loso_session__VP_01__2026-04-30_09-24-27_3rep,svm,52961,0,705,0.8851063829787233,0.7006169369571938,,,27.48940396308899,0.6088398872537816,89807208
intra_loso_session__VP_01__2026-04-30_09-51-33_3rep,svm,52968,0,698,0.7922636103151862,0.5090570984396385,,,27.527026176452637,0.5819442279017757,1019462531
intra_loso_session__VP_01__2026-04-30_09-58-03_3rep,svm,52968,0,698,0.8896848137535817,0.675706066415125,,,28.059407949447632,0.6183054522320329,1874368567
intra_loso_session__VP_01__2026-04-30_10-25-22_3rep,svm,52970,0,696,0.889367816091954,0.6959198018245814,,,28.98722815513611,0.6286940355410521,1628537815
intra_loso_session__VP_01__2026-04-30_11-12-19_3rep,svm,52968,0,698,0.7535816618911175,0.3288365150307776,,,28.75652313232422,0.6070133608186825,991250879
intra_loso_session__VP_01__2026-04-30_11-29-09_3rep,svm,52735,0,931,0.920515574650913,0.8905868437118437,,,30.885529041290283,0.6288818846967884,124906792
intra_loso_session__VP_01__2026-05-01_11-38-54_3rep,svm,52561,0,1105,0.2434389140271493,0.1598347942683317,,,25.71360206604004,0.5479791045728313,1128914026
intra_loso_session__VP_01__2026-05-04_08-55-07_3rep,svm,52963,0,703,0.9886201991465148,0.7456331877729258,,,30.04403519630432,0.6305733920839399,583363123
intra_loso_session__VP_01__2026-05-04_09-00-24_3rep,svm,52959,0,707,1.0,1.0,,,29.815070867538452,0.623983237497203,1164409435
intra_loso_session__VP_01__2026-05-04_09-30-37_3rep,svm,51681,0,1985,0.9324937027707808,0.9206443460704258,,,28.951621055603027,0.610205628709769,153039171
intra_loso_session__VP_01__2026-05-04_09-43-34_3rep,svm,51616,0,2050,0.8892682926829268,0.8673266598572522,,,29.605878114700317,0.6046268416614067,1078690015
intra_loso_session__VP_01__2026-05-04_11-53-40_3rep,svm,51605,0,2061,0.4662785055798156,0.5097831995307698,,,28.19555711746216,0.5925435108331035,1680140246
intra_loso_session__VP_02__2026-02-04_15:06:58_5rep,svm,12257,0,3636,0.135038503850385,0.0669283910884221,,,4.640564918518066,0.265568199724254,1655976291
intra_loso_session__VP_02__2026-02-24_12:46:57_3rep,svm,14755,0,1138,0.5008787346221442,0.4071474138371265,,,7.438601016998291,0.3444377483508708,431909233
intra_loso_session__VP_02__2026-02-24_12:57:14_5rep,svm,11612,0,4281,0.693062368605466,0.5662586791352826,,,5.559094190597534,0.3012487526893393,775861124
intra_loso_session__VP_02__2026-05-06_10-43-57_3rep,svm,14754,0,1139,0.8911325724319579,0.877633823067206,,,7.608987092971802,0.355747313327806,199251551
intra_loso_session__VP_02__2026-05-06_10-51-06_3rep,svm,14752,0,1141,0.8825591586327782,0.8544122213339913,,,7.681954860687256,0.3586440207559115,290656067
intra_loso_session__VP_02__2026-05-06_10-54-51_3rep,svm,14754,0,1139,0.8884986830553117,0.8702210779498383,,,7.690169811248779,0.3541449478993403,1979329681
intra_loso_session__VP_02__2026-05-06_11-02-58_3rep,svm,14753,0,1140,0.906140350877193,0.8932620999219361,,,7.813029050827026,0.3586124955562123,600730476
intra_loso_session__VP_02__2026-05-06_11-08-12_3rep,svm,14754,0,1139,0.884108867427568,0.8674544398768965,,,7.709042072296143,0.3586357575534623,315480377
intra_loso_session__VP_02__2026-05-06_11-09-25_3rep,svm,14753,0,1140,0.9026315789473685,0.8848510773598306,,,7.740673065185547,0.3594400589926201,37351785
intra_loso_session__VP_04__2026-03-25_14-44-10_5rep,svm,6528,0,2931,0.1736608665984305,0.1039691216193542,,,1.929689884185791,0.1878624522047456,2122441868
intra_loso_session__VP_04__2026-03-25_15-12-50_5rep,svm,7931,0,1528,0.3579842931937173,0.1760824078544986,,,4.02180290222168,0.307893253745833,1781016909
intra_loso_session__VP_04__2026-03-26_14-55-57_manual,svm,5957,0,3502,0.5105653912050258,0.2086578124635509,,,2.8864450454711914,0.3122844265774956,1644450078
intra_loso_session__VP_04__2026-03-27_10-48-46_manual,svm,7961,0,1498,0.1021361815754339,0.0926711084191399,,,4.867036819458008,0.3859880610365415,632569951
intra_loso_session__VP_06__2026-05-04_11-21-18_3rep,svm,5513,0,2054,0.7882181110029212,0.5709404579789291,,,1.3638360500335691,0.1600970311893808,1707686315
intra_loso_session__VP_06__2026-05-04_11-31-06_3rep,svm,5514,0,2053,0.7730150998538724,0.5910117417923987,,,1.4284918308258057,0.165979512656426,1782292972
intra_loso_session__VP_06__2026-05-04_11-36-55_3rep,svm,6144,0,1423,0.6549543218552354,0.5091646745102084,,,1.4416999816894531,0.1587078593100616,429904181
intra_loso_session__VP_06__2026-05-04_11-57-35_3rep,svm,5530,0,2037,0.7933235149729995,0.6236496585801383,,,1.2888598442077637,0.1623377708693491,1087509221
intra_loso_session__VP_12__2026-05-04_14-30-45_5rep,svm,7914,0,4282,0.762260625875759,0.7153225362983289,,,2.343787908554077,0.2185570085677851,1775932615
intra_loso_session__VP_12__2026-05-04_14-45-30_3rep,svm,11057,0,1139,0.8797190517998245,0.8665010591604045,,,4.264575958251953,0.2797997971183904,1094939509
intra_loso_session__VP_12__2026-05-04_14-46-56_3rep,svm,11056,0,1140,0.8991228070175439,0.8971217055093623,,,4.199630975723267,0.2783369599727162,303329162
intra_loso_session__VP_12__2026-05-04_14-51-35_3rep,svm,11057,0,1139,0.7181738366988587,0.6131873858848215,,,4.124401092529297,0.2706276941341303,314214994
intra_loso_session__VP_12__2026-05-04_14-57-16_3rep,svm,11057,0,1139,0.8832309043020193,0.8925497903237172,,,4.26110577583313,0.2788042582578048,1066231802
intra_loso_session__VP_12__2026-05-04_14-58-52_3rep,svm,11057,0,1139,0.746268656716418,0.7125662315786897,,,4.036543130874634,0.2661000436811305,1859380097
intra_loso_session__VP_12__2026-05-04_15-00-08_3rep,svm,9978,0,2218,0.8101893597835889,0.6398880170311019,,,3.154264211654663,0.2310118017377243,555000349
intra_loso_session__VP_13__2026-05-06_12-30-00_3rep,svm,11304,0,1140,0.6991228070175438,0.648564683700669,,,3.835437774658203,0.2204938938743189,1667161958
intra_loso_session__VP_13__2026-05-06_12-36-17_3rep,svm,10259,0,2185,0.8718535469107551,0.697372411481298,,,3.363503932952881,0.2196534547434791,1333694812
intra_loso_session__VP_13__2026-05-06_12-43-14_3rep,svm,11301,0,1143,0.8818897637795275,0.8812887431944136,,,4.017187118530273,0.2313202551760803,2006670747
intra_loso_session__VP_13__2026-05-06_12-50-29_3rep,svm,11306,0,1138,0.9191564147627416,0.9195211474788813,,,4.1182990074157715,0.2403129383214538,1335843128
intra_loso_session__VP_13__2026-05-06_12-51-44_3rep,svm,11304,0,1140,0.9166666666666666,0.9198685585162168,,,4.134411096572876,0.2409727949845163,1883993975
intra_loso_session__VP_13__2026-05-06_12-56-17_3rep,svm,11303,0,1141,0.9202453987730062,0.9231607646876472,,,4.077315092086792,0.2382794145321658,815382238
intra_loso_session__VP_13__2026-05-06_12-57-31_3rep,svm,11305,0,1139,0.8999122036874452,0.9037254585606388,,,4.018808126449585,0.2351862176454726,518477195
intra_loso_session__VP_13__2026-05-06_13-06-21_3rep,svm,11305,0,1139,0.8999122036874452,0.9033214933659672,,,4.007465839385986,0.233104503186153,1387097644
intra_loso_session__VP_13__2026-05-06_13-12-22_3rep,svm,11304,0,1140,0.8947368421052632,0.9008170368975736,,,4.076308012008667,0.2368517089308354,166723495
intra_loso_session__VP_13__2026-05-06_13-13-37_3rep,svm,11305,0,1139,0.9192273924495172,0.9239234737983504,,,4.1045660972595215,0.2402440825505043,1980045841
intra_loso_session__VP_14__2026-05-13_15-57-37_5rep,svm,2442,0,3080,0.647077922077922,0.5089514039606012,,,0.3889961242675781,0.1083385634731936,166010354
intra_loso_session__VP_14__2026-05-13_16-11-51_4rep,svm,3080,0,2442,0.5094185094185094,0.3095442883567862,,,0.549353837966919,0.120848832220254,473151858
intra_loso_session__VP_01__2026-02-26_12:30:21_3rep,random_forest,52524,0,1142,0.8660245183887916,0.8399891692075628,,,8.91809892654419,0.0127032007728483,385711565
intra_loso_session__VP_01__2026-02-26_12:50:17_3rep,random_forest,52527,0,1139,0.9438103599648816,0.9435729431217106,,,8.094444036483765,0.0104663453675656,1005826898
intra_loso_session__VP_01__2026-03-02_10:15:18_3rep,random_forest,52527,0,1139,0.5399473222124671,0.4905056460237049,,,7.9457688331604,0.012739171471064,1384197063
intra_loso_session__VP_01__2026-03-02_12:29:32_3rep,random_forest,52529,0,1137,0.7458223394898856,0.7108797532491944,,,7.877647876739502,0.0125611153420588,302231117
intra_loso_session__VP_01__2026-03-02_12:33:18_3rep,random_forest,52528,0,1138,0.8506151142355008,0.8506987817000184,,,7.694652080535889,0.0102662453542484,592582504
intra_loso_session__VP_01__2026-03-02_12:35:53_5rep,random_forest,49377,0,4289,0.5148053159244579,0.4006755032720145,,,7.167073011398315,0.0035315856257639,163217508
intra_loso_session__VP_01__2026-03-03_13:21:53_3rep,random_forest,52525,0,1141,0.9237510955302366,0.9209229406712872,,,7.3835132122039795,0.0105042085639224,1557352538
intra_loso_session__VP_01__2026-03-03_14:31:55_3rep,random_forest,52526,0,1140,0.8868421052631579,0.883251762363308,,,7.331577301025391,0.0102254382350988,2029404707
intra_loso_session__VP_01__2026-03-10_13:44:35_3rep,random_forest,52527,0,1139,0.8419666374012291,0.8553061490141834,,,7.765676975250244,0.0100950068606945,1813039451
intra_loso_session__VP_01__2026-03-16_11:04:06_3rep,random_forest,52525,0,1141,0.838737949167397,0.8129479977555203,,,7.840085983276367,0.0102095808719564,1714009980
intra_loso_session__VP_01__2026-03-16_11:11:49_3rep,random_forest,52528,0,1138,0.9499121265377856,0.9487732851261584,,,7.642342805862427,0.0110510573026794,1514981281
intra_loso_session__VP_01__2026-03-20_11:10:16_3rep,random_forest,52527,0,1139,0.3977172958735733,0.167541950331663,,,7.9847412109375,0.0115410082166502,106156085
intra_loso_session__VP_01__2026-03-20_12:54:45_10rep,random_forest,47380,0,6286,0.9774101177219218,0.9763057559402196,,,6.622462034225464,0.0019311298051155,724582474
intra_loso_session__VP_01__2026-03-20_14:17:17_3rep,random_forest,52527,0,1139,0.9385425812115892,0.941137123658959,,,7.350686073303223,0.0108215660249276,1162649570
intra_loso_session__VP_01__2026-03-20_14:18:36_3rep,random_forest,52527,0,1139,0.9078138718173836,0.9054576988726636,,,7.602025985717773,0.0123152929612478,1352518825
intra_loso_session__VP_01__2026-03-20_14:20:18_3rep,random_forest,52525,0,1141,0.9842243645924628,0.9843827722873306,,,7.507934808731079,0.0123785421787699,330072363
intra_loso_session__VP_01__2026-03-24_08-57-34_3rep,random_forest,52528,0,1138,0.9499121265377856,0.9474066990934747,,,7.737571954727173,0.0112389847767164,784533895
intra_loso_session__VP_01__2026-03-24_09-35-44_3rep,random_forest,52526,0,1140,0.8728070175438597,0.8752473400460388,,,7.860379934310913,0.0104052978649474,568904898
intra_loso_session__VP_01__2026-03-25_10-21-07_5rep,random_forest,49382,0,4284,0.299719887955182,0.224870645379501,,,7.056457042694092,0.0027343561224131,40084397
intra_loso_session__VP_01__2026-03-25_13-36-55_3rep,random_forest,52527,0,1139,0.8955223880597015,0.8737393682277237,,,7.739986896514893,0.0101534078998247,1062069223
intra_loso_session__VP_01__2026-03-25_13-55-45_3rep,random_forest,52526,0,1140,0.9719298245614036,0.9706703789562252,,,7.745467901229858,0.0145868251198216,106749707
intra_loso_session__VP_01__2026-03-26_12-38-48_3rep,random_forest,52526,0,1140,0.7350877192982456,0.6135001158757655,,,7.915051698684692,0.0101658335903234,261494493
intra_loso_session__VP_01__2026-03-30_09-32-13_3rep,random_forest,52526,0,1140,0.9421052631578948,0.9388605088603328,,,7.499143838882446,0.010269566586143,1516383152
intra_loso_session__VP_01__2026-03-30_09-41-33_3rep,random_forest,52526,0,1140,0.9289473684210526,0.9318008999746724,,,7.458904027938843,0.0128817140010365,336935411
intra_loso_session__VP_01__2026-04-27_09-29-56_3rep,random_forest,52527,0,1139,0.942054433713784,0.9377158938809392,,,7.629801988601685,0.0145866538057,741584868
intra_loso_session__VP_01__2026-04-30_09-04-04_3rep,random_forest,52964,0,702,0.96011396011396,0.7357000687583686,,,7.401442766189575,0.0236394398572438,2036987488
intra_loso_session__VP_01__2026-04-30_09-24-27_3rep,random_forest,52961,0,705,0.8921985815602836,0.707862515874825,,,7.848601818084717,0.0200494806817237,1275328295
intra_loso_session__VP_01__2026-04-30_09-51-33_3rep,random_forest,52968,0,698,0.7965616045845272,0.5154246611512058,,,7.436791896820068,0.0164843561997727,935499070
intra_loso_session__VP_01__2026-04-30_09-58-03_3rep,random_forest,52968,0,698,0.9426934097421203,0.725575675515498,,,7.570190191268921,0.0178233258703718,862115100
intra_loso_session__VP_01__2026-04-30_10-25-22_3rep,random_forest,52970,0,696,0.9238505747126436,0.7259492569838029,,,7.452481031417847,0.0165211058211052,2085155659
intra_loso_session__VP_01__2026-04-30_11-12-19_3rep,random_forest,52968,0,698,0.9269340974212036,0.4300898577252683,,,7.5073699951171875,0.0237718352615662,2003239848
intra_loso_session__VP_01__2026-04-30_11-29-09_3rep,random_forest,52735,0,931,0.9129967776584318,0.662132422217061,,,7.610728025436401,0.0163233497857279,120318314
intra_loso_session__VP_01__2026-05-01_11-38-54_3rep,random_forest,52561,0,1105,0.2461538461538461,0.1663536776212832,,,8.400312900543213,0.0107430764452904,509713098
intra_loso_session__VP_01__2026-05-04_08-55-07_3rep,random_forest,52963,0,703,0.9886201991465148,0.7456331877729258,,,7.739025831222534,0.0169406066069731,18191789
intra_loso_session__VP_01__2026-05-04_09-00-24_3rep,random_forest,52959,0,707,0.9971711456859972,0.9971690288145986,,,7.480656862258911,0.0166943589228046,1620933269
intra_loso_session__VP_01__2026-05-04_09-30-37_3rep,random_forest,51681,0,1985,0.9360201511335012,0.9244499501749422,,,7.608260869979858,0.0084599559793544,120731295
intra_loso_session__VP_01__2026-05-04_09-43-34_3rep,random_forest,51616,0,2050,0.6697560975609756,0.712789267990887,,,7.777754306793213,0.0056394716588462,710952537
intra_loso_session__VP_01__2026-05-04_11-53-40_3rep,random_forest,51605,0,2061,0.7394468704512372,0.580373987768721,,,7.64225697517395,0.0072507705577422,2082828256
intra_loso_session__VP_02__2026-02-04_15:06:58_5rep,random_forest,12257,0,3636,0.2651265126512651,0.336380763484739,,,1.050589084625244,0.0045881150710438,1353497845
intra_loso_session__VP_02__2026-02-24_12:46:57_3rep,random_forest,14755,0,1138,0.7135325131810193,0.6427537087606272,,,1.2883563041687012,0.0127178922897902,681291567
intra_loso_session__VP_02__2026-02-24_12:57:14_5rep,random_forest,11612,0,4281,0.8348516701705209,0.8071143386836344,,,1.008957862854004,0.0038733412188588,2070277449
intra_loso_session__VP_02__2026-05-06_10-43-57_3rep,random_forest,14754,0,1139,0.7998244073748902,0.7758762685219261,,,1.234447002410889,0.011011631055502,883180425
intra_loso_session__VP_02__2026-05-06_10-51-06_3rep,random_forest,14752,0,1141,0.8939526730937774,0.8724044385435141,,,1.2780165672302246,0.0104181187702416,1872229164
intra_loso_session__VP_02__2026-05-06_10-54-51_3rep,random_forest,14754,0,1139,0.8683055311676909,0.8476761661674689,,,1.2422070503234863,0.014661800662502,1653872718
intra_loso_session__VP_02__2026-05-06_11-02-58_3rep,random_forest,14753,0,1140,0.8991228070175439,0.8856733290562206,,,1.2724599838256836,0.0106466443915116,991472224
intra_loso_session__VP_02__2026-05-06_11-08-12_3rep,random_forest,14754,0,1139,0.8999122036874452,0.8851971923300924,,,1.3040173053741455,0.014643589585784,756201938
intra_loso_session__VP_02__2026-05-06_11-09-25_3rep,random_forest,14753,0,1140,0.8780701754385964,0.8584128812083022,,,1.2760648727416992,0.01011940470913,1658407602
intra_loso_session__VP_04__2026-03-25_14-44-10_5rep,random_forest,6528,0,2931,0.3493688161037189,0.2037345144080016,,,0.4806158542633056,0.0053353376333236,1664569117
intra_loso_session__VP_04__2026-03-25_15-12-50_5rep,random_forest,7931,0,1528,0.3540575916230366,0.1743193169002738,,,0.6010589599609375,0.0107820433471839,189307765
intra_loso_session__VP_04__2026-03-26_14-55-57_manual,random_forest,5957,0,3502,0.1699029126213592,0.1389500440077302,,,0.4463112354278564,0.0040633960290339,1592107750
intra_loso_session__VP_04__2026-03-27_10-48-46_manual,random_forest,7961,0,1498,0.0433911882510013,0.0415866922584772,,,0.5719048976898193,0.0111442382568033,513715942
intra_loso_session__VP_06__2026-05-04_11-21-18_3rep,random_forest,5513,0,2054,0.8354430379746836,0.6905555222497914,,,0.4478158950805664,0.0057360910046065,481952076
intra_loso_session__VP_06__2026-05-04_11-31-06_3rep,random_forest,5514,0,2053,0.7998051631758403,0.6472764127695025,,,0.4708197116851806,0.0081529166718198,1909484793
intra_loso_session__VP_06__2026-05-04_11-36-55_3rep,random_forest,6144,0,1423,0.6690091356289529,0.5130662826178023,,,0.504770040512085,0.0117399788036869,111028224
intra_loso_session__VP_06__2026-05-04_11-57-35_3rep,random_forest,5530,0,2037,0.7977417771232205,0.6550244815057917,,,0.5113191604614258,0.0077570895090604,495542746
intra_loso_session__VP_12__2026-05-04_14-30-45_5rep,random_forest,7914,0,4282,0.6370854740775339,0.644544973715635,,,0.5992817878723145,0.0027351878280675,1339994751
intra_loso_session__VP_12__2026-05-04_14-45-30_3rep,random_forest,11057,0,1139,0.926251097453907,0.9188510959037424,,,0.962677001953125,0.0144028684567526,482380746
intra_loso_session__VP_12__2026-05-04_14-46-56_3rep,random_forest,11056,0,1140,0.9350877192982456,0.9364678240405412,,,0.9799611568450928,0.01052178834614,98856992
intra_loso_session__VP_12__2026-05-04_14-51-35_3rep,random_forest,11057,0,1139,0.7445127304653204,0.7480928529097669,,,0.9371328353881836,0.0132878063225348,354149627
intra_loso_session__VP_12__2026-05-04_14-57-16_3rep,random_forest,11057,0,1139,0.8814749780509219,0.8790101209970956,,,0.9707720279693604,0.0103292389853781,814465027
intra_loso_session__VP_12__2026-05-04_14-58-52_3rep,random_forest,11057,0,1139,0.7734855136084284,0.7539949141574138,,,0.9185140132904052,0.0101192882963185,2117296745
intra_loso_session__VP_12__2026-05-04_15-00-08_3rep,random_forest,9978,0,2218,0.8119927862939585,0.6654400246284301,,,0.9392588138580322,0.0074382726946212,1934515576
intra_loso_session__VP_13__2026-05-06_12-30-00_3rep,random_forest,11304,0,1140,0.6956140350877194,0.6360783977946121,,,1.003398895263672,0.0130569725705866,187853386
intra_loso_session__VP_13__2026-05-06_12-36-17_3rep,random_forest,10259,0,2185,0.8723112128146453,0.7132655258733126,,,1.0251741409301758,0.0056287516718325,2129183758
intra_loso_session__VP_13__2026-05-06_12-43-14_3rep,random_forest,11301,0,1143,0.8731408573928259,0.8707897687070779,,,1.0021719932556152,0.0104979267270546,1989100195
intra_loso_session__VP_13__2026-05-06_12-50-29_3rep,random_forest,11306,0,1138,0.9253075571177504,0.9255081304008344,,,1.057260036468506,0.0099639272438411,998536359
intra_loso_session__VP_13__2026-05-06_12-51-44_3rep,random_forest,11304,0,1140,0.9192982456140352,0.9206680918275882,,,0.9944009780883788,0.0143184996487801,1523456641
intra_loso_session__VP_13__2026-05-06_12-56-17_3rep,random_forest,11303,0,1141,0.894829097283085,0.8976168754084668,,,1.03545880317688,0.0145932648079526,1544278384
intra_loso_session__VP_13__2026-05-06_12-57-31_3rep,random_forest,11305,0,1139,0.8902546093064091,0.8930888805335587,,,1.025735855102539,0.0102905142820122,525802200
intra_loso_session__VP_13__2026-05-06_13-06-21_3rep,random_forest,11305,0,1139,0.9069359086918348,0.9091444555994902,,,1.0341157913208008,0.0103338440852378,722619369
intra_loso_session__VP_13__2026-05-06_13-12-22_3rep,random_forest,11304,0,1140,0.8947368421052632,0.8987164118461882,,,0.9684619903564452,0.010312230963456,2097359386
intra_loso_session__VP_13__2026-05-06_13-13-37_3rep,random_forest,11305,0,1139,0.9183494293239683,0.9223992245435342,,,1.0602219104766846,0.013935032175548,199872833
intra_loso_session__VP_14__2026-05-13_15-57-37_5rep,random_forest,2442,0,3080,0.6831168831168831,0.554051540887383,,,0.2058749198913574,0.0038542530753395,2027048680
intra_loso_session__VP_14__2026-05-13_16-11-51_4rep,random_forest,3080,0,2442,0.5106470106470107,0.4320399614394726,,,0.2530648708343506,0.0058087435635653,180670237
intra_loso_session__VP_01__2026-02-26_12:30:21_3rep,catboost,52524,0,1142,0.861646234676007,0.8389196481268093,,,24.2725510597229,0.0023818892898158,637810876
intra_loso_session__VP_01__2026-02-26_12:50:17_3rep,catboost,52527,0,1139,0.9350307287093942,0.9342035774635044,,,24.596359968185425,0.0021026467314093,1276034079
intra_loso_session__VP_01__2026-03-02_10:15:18_3rep,catboost,52527,0,1139,0.659350307287094,0.6588977911598389,,,23.992048025131226,0.0019464919816202,956665220
intra_loso_session__VP_01__2026-03-02_12:29:32_3rep,catboost,52529,0,1137,0.7950747581354441,0.7624701796328522,,,24.026331901550293,0.0022797597115146,741154304
intra_loso_session__VP_01__2026-03-02_12:33:18_3rep,catboost,52528,0,1138,0.8409490333919156,0.8408638431786375,,,23.951099157333378,0.0021204169060517,1940751647
intra_loso_session__VP_01__2026-03-02_12:35:53_5rep,catboost,49377,0,4289,0.4914898577757053,0.3642971536876621,,,23.032230854034424,0.0013877640072908,123161559
intra_loso_session__VP_01__2026-03-03_13:21:53_3rep,catboost,52525,0,1141,0.9106047326906224,0.9093556725099616,,,24.102352142333984,0.0024004843441882,1003353401
intra_loso_session__VP_01__2026-03-03_14:31:55_3rep,catboost,52526,0,1140,0.8789473684210526,0.874772073773982,,,24.21452021598816,0.0024184846041495,2068751633
intra_loso_session__VP_01__2026-03-10_13:44:35_3rep,catboost,52527,0,1139,0.7304653204565408,0.7583254001408629,,,23.906208753585815,0.0023054804479583,181658902
intra_loso_session__VP_01__2026-03-16_11:04:06_3rep,catboost,52525,0,1141,0.8965819456617002,0.8910532951435843,,,23.794270038604736,0.0020542445671756,1668143979
intra_loso_session__VP_01__2026-03-16_11:11:49_3rep,catboost,52528,0,1138,0.9463971880492092,0.9443262939566824,,,23.8619921207428,0.0021275401324924,1073305530
intra_loso_session__VP_01__2026-03-20_11:10:16_3rep,catboost,52527,0,1139,0.3968393327480246,0.1422278162366268,,,23.621251821517944,0.0024687521702579,1455583524
intra_loso_session__VP_01__2026-03-20_12:54:45_10rep,catboost,47380,0,6286,0.9766146993318484,0.9745098728832756,,,22.913641929626465,0.0014996930667635,406226322
intra_loso_session__VP_01__2026-03-20_14:17:17_3rep,catboost,52527,0,1139,0.935908691834943,0.9372835045863686,,,24.408684730529785,0.0020965763725032,1902467469
intra_loso_session__VP_01__2026-03-20_14:18:36_3rep,catboost,52527,0,1139,0.9078138718173836,0.9045136861006776,,,23.418709993362427,0.0024247943988696,509754290
intra_loso_session__VP_01__2026-03-20_14:20:18_3rep,catboost,52525,0,1141,0.978965819456617,0.9792044092913936,,,23.352174758911133,0.00204463259992,361521521
intra_loso_session__VP_01__2026-03-24_08-57-34_3rep,catboost,52528,0,1138,0.9437609841827768,0.9414350625955328,,,23.267724990844727,0.0020701353076472,1148149405
intra_loso_session__VP_01__2026-03-24_09-35-44_3rep,catboost,52526,0,1140,0.8763157894736842,0.8774850864086765,,,23.45820188522339,0.0023465407522101,1893293184
intra_loso_session__VP_01__2026-03-25_10-21-07_5rep,catboost,49382,0,4284,0.3015873015873015,0.2210709207267418,,,23.032315969467163,0.0014730862208775,112926655
intra_loso_session__VP_01__2026-03-25_13-36-55_3rep,catboost,52527,0,1139,0.8884986830553117,0.8669493482209,,,23.23298192024231,0.0020069862479594,1821974060
intra_loso_session__VP_01__2026-03-25_13-55-45_3rep,catboost,52526,0,1140,0.9614035087719298,0.9589567751662784,,,23.299603939056396,0.0020299041480348,690256115
intra_loso_session__VP_01__2026-03-26_12-38-48_3rep,catboost,52526,0,1140,0.7701754385964912,0.6435796884777171,,,23.094521045684814,0.0020420342160944,555601267
intra_loso_session__VP_01__2026-03-30_09-32-13_3rep,catboost,52526,0,1140,0.9359649122807018,0.9317202255869592,,,23.175787925720215,0.0021307091963918,1715038296
intra_loso_session__VP_01__2026-03-30_09-41-33_3rep,catboost,52526,0,1140,0.9210526315789472,0.9235015936766612,,,23.426037073135376,0.0023264633981805,1730033263
intra_loso_session__VP_01__2026-04-27_09-29-56_3rep,catboost,52527,0,1139,0.932396839332748,0.9254875363146252,,,23.16973900794983,0.0023362508879302,1491946893
intra_loso_session__VP_01__2026-04-30_09-04-04_3rep,catboost,52964,0,702,0.9643874643874644,0.7368762779352154,,,23.187199115753177,0.0030498558979088,1778048650
intra_loso_session__VP_01__2026-04-30_09-24-27_3rep,catboost,52961,0,705,0.8865248226950354,0.7029180925457521,,,23.42326807975769,0.0029222339603072,274792087
intra_loso_session__VP_01__2026-04-30_09-51-33_3rep,catboost,52968,0,698,0.7936962750716332,0.4941725289441119,,,23.240589141845703,0.0030270278624613,1863833129
intra_loso_session__VP_01__2026-04-30_09-58-03_3rep,catboost,52968,0,698,0.9398280802292264,0.7233469302087896,,,23.39146327972412,0.0025802492070676,1466278996
intra_loso_session__VP_01__2026-04-30_10-25-22_3rep,catboost,52970,0,696,0.9238505747126436,0.7251729754271907,,,23.120157957077023,0.0027945671958484,1914318836
intra_loso_session__VP_01__2026-04-30_11-12-19_3rep,catboost,52968,0,698,0.9240687679083096,0.4287124114710321,,,23.411773920059204,0.0030413739660749,1379945676
intra_loso_session__VP_01__2026-04-30_11-29-09_3rep,catboost,52735,0,931,0.9172932330827068,0.8855051539468825,,,23.47488689422607,0.0028366945227798,301285787
intra_loso_session__VP_01__2026-05-01_11-38-54_3rep,catboost,52561,0,1105,0.2479638009049773,0.1656893282773564,,,23.25906014442444,0.0020950628082137,756882318
intra_loso_session__VP_01__2026-05-04_08-55-07_3rep,catboost,52963,0,703,0.9900426742532006,0.7461873638344226,,,23.358684062957764,0.0026951812917782,1260979039
intra_loso_session__VP_01__2026-05-04_09-00-24_3rep,catboost,52959,0,707,1.0,1.0,,,23.61055302619934,0.0026607108756878,1457737200
intra_loso_session__VP_01__2026-05-04_09-30-37_3rep,catboost,51681,0,1985,0.9340050377833752,0.9222087968262648,,,23.026198148727417,0.0019868615292181,1800876447
intra_loso_session__VP_01__2026-05-04_09-43-34_3rep,catboost,51616,0,2050,0.8917073170731707,0.876028122073009,,,22.935271978378296,0.0020156255582483,1333384252
intra_loso_session__VP_01__2026-05-04_11-53-40_3rep,catboost,51605,0,2061,0.4667637069383794,0.4648580393921494,,,23.160293102264404,0.0017791740643289,1745224157
intra_loso_session__VP_02__2026-02-04_15:06:58_5rep,catboost,12257,0,3636,0.2590759075907591,0.3377310070918693,,,15.31355595588684,0.0017030273202491,306025387
intra_loso_session__VP_02__2026-02-24_12:46:57_3rep,catboost,14755,0,1138,0.6344463971880492,0.6445788571938109,,,15.941555976867676,0.0022593198216443,260810316
intra_loso_session__VP_02__2026-02-24_12:57:14_5rep,catboost,11612,0,4281,0.8135949544498949,0.7751671397251856,,,15.330113887786863,0.0015751442823474,758077814
intra_loso_session__VP_02__2026-05-06_10-43-57_3rep,catboost,14754,0,1139,0.800702370500439,0.7639132499894901,,,15.909976959228516,0.002052409278394,737579353
intra_loso_session__VP_02__2026-05-06_10-51-06_3rep,catboost,14752,0,1141,0.873794916739702,0.8455657904815189,,,15.852691888809204,0.0023706036633718,1342309398
intra_loso_session__VP_02__2026-05-06_10-54-51_3rep,catboost,14754,0,1139,0.8577699736611062,0.8346633744294361,,,15.88818383216858,0.0020210108702595,1654535042
intra_loso_session__VP_02__2026-05-06_11-02-58_3rep,catboost,14753,0,1140,0.9043859649122808,0.8929592619954323,,,15.943830013275146,0.0023800030089261,1539605155
intra_loso_session__VP_02__2026-05-06_11-08-12_3rep,catboost,14754,0,1139,0.8858647936786654,0.8686541512501393,,,16.061433792114258,0.0024369351166816,1782167127
intra_loso_session__VP_02__2026-05-06_11-09-25_3rep,catboost,14753,0,1140,0.8912280701754386,0.8732725434170567,,,15.885382175445557,0.0019684172513192,1843336557
intra_loso_session__VP_04__2026-03-25_14-44-10_5rep,catboost,6528,0,2931,0.2729443875810303,0.1730682490605331,,,13.772136926651,0.0016990272472515,917498785
intra_loso_session__VP_04__2026-03-25_15-12-50_5rep,catboost,7931,0,1528,0.3370418848167539,0.1276735333654001,,,14.70052719116211,0.0020313949485099,1088253493
intra_loso_session__VP_04__2026-03-26_14-55-57_manual,catboost,5957,0,3502,0.3052541404911479,0.186158601123813,,,13.736273050308228,0.0014717683732203,1516252896
intra_loso_session__VP_04__2026-03-27_10-48-46_manual,catboost,7961,0,1498,0.0761014686248331,0.0707196029776675,,,14.14160704612732,0.0021268274182471,1389564037
intra_loso_session__VP_06__2026-05-04_11-21-18_3rep,catboost,5513,0,2054,0.8208373904576436,0.6739714595787607,,,13.436546087265016,0.001816461706115,317224121
intra_loso_session__VP_06__2026-05-04_11-31-06_3rep,catboost,5514,0,2053,0.7803214807598636,0.6095794366077631,,,13.637273788452148,0.0018913224448358,1492864667
intra_loso_session__VP_06__2026-05-04_11-36-55_3rep,catboost,6144,0,1423,0.6809557273366128,0.5250538821534984,,,13.722423791885376,0.0021539769873012,869579461
intra_loso_session__VP_06__2026-05-04_11-57-35_3rep,catboost,5530,0,2037,0.7952871870397643,0.6312940762740422,,,13.479335069656372,0.0020427685130385,1931380664
intra_loso_session__VP_12__2026-05-04_14-30-45_5rep,catboost,7914,0,4282,0.7281644091546007,0.7033066047177756,,,13.926265716552734,0.0014869702413559,1504392062
intra_loso_session__VP_12__2026-05-04_14-45-30_3rep,catboost,11057,0,1139,0.9060579455662864,0.8954434648757146,,,14.63661789894104,0.0022661277764297,1748595800
intra_loso_session__VP_12__2026-05-04_14-46-56_3rep,catboost,11056,0,1140,0.9464912280701754,0.947869661665056,,,14.978867053985596,0.002288818359375,459199728
intra_loso_session__VP_12__2026-05-04_14-51-35_3rep,catboost,11057,0,1139,0.7374890254609306,0.7102988770962143,,,15.32123589515686,0.0024388190211697,1590582140
intra_loso_session__VP_12__2026-05-04_14-57-16_3rep,catboost,11057,0,1139,0.9174714661984196,0.9121447319647134,,,14.727516889572144,0.002320342361142,1150511327
intra_loso_session__VP_12__2026-05-04_14-58-52_3rep,catboost,11057,0,1139,0.8033362598770851,0.7901163225122941,,,14.685691118240356,0.0023653467461349,1623106287
intra_loso_session__VP_12__2026-05-04_15-00-08_3rep,catboost,9978,0,2218,0.8110910730387737,0.6674269432055792,,,14.436036825180054,0.0018763907650121,1696736618
intra_loso_session__VP_13__2026-05-06_12-30-00_3rep,catboost,11304,0,1140,0.7175438596491228,0.6652064128130677,,,15.42955207824707,0.0022622576931066,1964263103
intra_loso_session__VP_13__2026-05-06_12-36-17_3rep,catboost,10259,0,2185,0.8677345537757437,0.694751905143966,,,15.057078838348389,0.001783065446727,936354162
intra_loso_session__VP_13__2026-05-06_12-43-14_3rep,catboost,11301,0,1143,0.8775153105861767,0.8767562283478333,,,15.254289865493774,0.0022763446664351,1802693611
intra_loso_session__VP_13__2026-05-06_12-50-29_3rep,catboost,11306,0,1138,0.9191564147627416,0.918038431203181,,,15.41436505317688,0.002255758208424,2106675237
intra_loso_session__VP_13__2026-05-06_12-51-44_3rep,catboost,11304,0,1140,0.9087719298245616,0.9082515979165764,,,15.445027112960815,0.0021455580728095,939203229
intra_loso_session__VP_13__2026-05-06_12-56-17_3rep,catboost,11303,0,1141,0.8965819456617002,0.899021873304258,,,15.336840867996216,0.0020366922791436,1359401209
intra_loso_session__VP_13__2026-05-06_12-57-31_3rep,catboost,11305,0,1139,0.8937664618086041,0.8967821277346959,,,15.224574089050291,0.0020193362884923,1589431723
intra_loso_session__VP_13__2026-05-06_13-06-21_3rep,catboost,11305,0,1139,0.8955223880597015,0.89591920804355,,,15.17144775390625,0.0023906747953634,879048275
intra_loso_session__VP_13__2026-05-06_13-12-22_3rep,catboost,11304,0,1140,0.9017543859649124,0.9061573097434202,,,15.31432604789734,0.0023457041957922,1420245134
intra_loso_session__VP_13__2026-05-06_13-13-37_3rep,catboost,11305,0,1139,0.9157155399473222,0.9211015495941968,,,15.196285247802734,0.0021482790845648,1370311712
intra_loso_session__VP_14__2026-05-13_15-57-37_5rep,catboost,2442,0,3080,0.685064935064935,0.55806046137468,,,12.22544002532959,0.0016822443379984,57364083
intra_loso_session__VP_14__2026-05-13_16-11-51_4rep,catboost,3080,0,2442,0.4651924651924652,0.4275985153415277,,,12.403641939163208,0.0018623400476504,389090535
intra_loso_session__VP_01__2026-02-26_12:30:21_3rep,mlp,52524,0,1142,0.8957968476357268,0.8759270039526778,,,390.9433629512787,0.0130061301583792,322300439
intra_loso_session__VP_01__2026-02-26_12:50:17_3rep,mlp,52527,0,1139,0.9499561018437226,0.9526041849732844,,,452.65426993370056,0.0110658456402143,93097510
intra_loso_session__VP_01__2026-03-02_10:15:18_3rep,mlp,52527,0,1139,0.3775241439859526,0.3444608188459466,,,452.3394749164582,0.0016268561868106,920598591
intra_loso_session__VP_01__2026-03-02_12:29:32_3rep,mlp,52529,0,1137,0.907651715039578,0.912311219647474,,,452.0298681259155,0.0110016439499934,1974646109
intra_loso_session__VP_01__2026-03-02_12:33:18_3rep,mlp,52528,0,1138,0.8321616871704746,0.8249373855297809,,,334.84501791000366,0.011489345235439,345349878
intra_loso_session__VP_01__2026-03-02_12:35:53_5rep,mlp,49377,0,4289,0.7346700862671951,0.6737750653882918,,,425.76797223091125,0.0032646502056553,531488063
intra_loso_session__VP_01__2026-03-03_13:21:53_3rep,mlp,52525,0,1141,0.5854513584574934,0.6040353158315961,,,454.1341931819916,0.0114950770144918,1815254073
intra_loso_session__VP_01__2026-03-03_14:31:55_3rep,mlp,52526,0,1140,0.8587719298245614,0.8475587054067861,,,333.1813018321991,0.0143341850816157,310873964
intra_loso_session__VP_01__2026-03-10_13:44:35_3rep,mlp,52527,0,1139,0.5697980684811238,0.5979148102766032,,,874.5313358306885,0.0017604040827428,1965406289
intra_loso_session__VP_01__2026-03-16_11:04:06_3rep,mlp,52525,0,1141,0.4189307624890447,0.3791971805750168,,,1372.3384718894958,0.0039062199103633,1563791741
intra_loso_session__VP_01__2026-03-16_11:11:49_3rep,mlp,52528,0,1138,0.9244288224956064,0.9195916015825322,,,1868.957819223404,0.006159705311217,1556933381
intra_loso_session__VP_01__2026-03-20_11:10:16_3rep,mlp,52527,0,1139,0.42756804214223,0.2182805938406415,,,1283.5976531505585,0.0017595667918592,822940042
intra_loso_session__VP_01__2026-03-20_12:54:45_10rep,mlp,47380,0,6286,0.9809099586382436,0.9808160532561708,,,432.51067996025085,0.0026225285131082,580298566
intra_loso_session__VP_01__2026-03-20_14:17:17_3rep,mlp,52527,0,1139,0.929762949956102,0.9321195625248684,,,453.46175503730774,0.0017892906182266,210347013
intra_loso_session__VP_01__2026-03-20_14:18:36_3rep,mlp,52527,0,1139,0.9157155399473222,0.9200343374790722,,,452.883957862854,0.001697188621032,243778384
intra_loso_session__VP_01__2026-03-20_14:20:18_3rep,mlp,52525,0,1141,0.9202453987730062,0.919632163636624,,,271.54029512405396,0.0019604234085283,1978325266
intra_loso_session__VP_01__2026-03-24_08-57-34_3rep,mlp,52528,0,1138,0.9516695957820738,0.9520195005146662,,,398.29018688201904,0.0015528633640604,1184761946
intra_loso_session__VP_01__2026-03-24_09-35-44_3rep,mlp,52526,0,1140,0.8578947368421053,0.8477594248468936,,,430.2998440265655,0.0022139465599729,1353295569
intra_loso_session__VP_01__2026-03-25_10-21-07_5rep,mlp,49382,0,4284,0.1946778711484593,0.1450259926814453,,,425.3043301105499,0.0043993347944443,175305241
intra_loso_session__VP_01__2026-03-25_13-36-55_3rep,mlp,52527,0,1139,0.9025460930640912,0.8849036603158885,,,427.10754585266113,0.0017664744416488,1995030120
intra_loso_session__VP_01__2026-03-25_13-55-45_3rep,mlp,52526,0,1140,0.95,0.946925808399712,,,367.7011761665344,0.0019809655975877,380637071
intra_loso_session__VP_01__2026-03-26_12-38-48_3rep,mlp,52526,0,1140,0.6596491228070176,0.5715769080696619,,,431.50403785705566,0.0019815930149011,1628615738
intra_loso_session__VP_01__2026-03-30_09-32-13_3rep,mlp,52526,0,1140,0.7096491228070175,0.6261162846180806,,,449.3538920879364,0.0018508810746042,1589193416
intra_loso_session__VP_01__2026-03-30_09-41-33_3rep,mlp,52526,0,1140,0.881578947368421,0.8772107430829922,,,457.0135612487793,0.0018351956417686,2122959008
intra_loso_session__VP_01__2026-04-27_09-29-56_3rep,mlp,52527,0,1139,0.8042142230026339,0.7934698769111639,,,313.32726979255676,0.002050316051185,1338812598
intra_loso_session__VP_01__2026-04-30_09-04-04_3rep,mlp,52964,0,702,0.9487179487179488,0.7285691028130566,,,424.5192899703979,0.0218234510503263,210090912
intra_loso_session__VP_01__2026-04-30_09-24-27_3rep,mlp,52961,0,705,0.8921985815602836,0.7169638247658381,,,382.9389600753784,0.0222439461566032,364275443
intra_loso_session__VP_01__2026-04-30_09-51-33_3rep,mlp,52968,0,698,0.8409742120343839,0.6007171389632971,,,457.4732460975647,0.0221206670504244,158873721
intra_loso_session__VP_01__2026-04-30_09-58-03_3rep,mlp,52968,0,698,0.9670487106017192,0.7249341104373352,,,410.9288611412048,0.0027763126231196,2004478446
intra_loso_session__VP_01__2026-04-30_10-25-22_3rep,mlp,52970,0,696,0.918103448275862,0.7176452640795805,,,462.5830969810486,0.0233232289895244,1172596326
intra_loso_session__VP_01__2026-04-30_11-12-19_3rep,mlp,52968,0,698,0.7363896848137536,0.4326055026583613,,,460.6746859550476,0.00273088329501,2123676243
intra_loso_session__VP_01__2026-04-30_11-29-09_3rep,mlp,52735,0,931,0.9516648764769066,0.7066069697324824,,,441.8574390411377,0.0173264492211101,1990251728
intra_loso_session__VP_01__2026-05-01_11-38-54_3rep,mlp,52561,0,1105,0.2479638009049773,0.1686287466747996,,,407.42091631889343,0.0143366162054139,1269996572
intra_loso_session__VP_01__2026-05-04_08-55-07_3rep,mlp,52963,0,703,0.9743954480796586,0.7402756479304933,,,373.7530860900879,0.0194723202527671,1624471679
intra_loso_session__VP_01__2026-05-04_09-00-24_3rep,mlp,52959,0,707,0.9915134370579916,0.7467811158798283,,,405.8269510269165,0.018238852688413,1671459353
intra_loso_session__VP_01__2026-05-04_09-30-37_3rep,mlp,51681,0,1985,0.8765743073047859,0.8707579740532592,,,450.2983329296112,0.0080472576227836,722895201
intra_loso_session__VP_01__2026-05-04_09-43-34_3rep,mlp,51616,0,2050,0.9063414634146342,0.8896012636490731,,,415.252384185791,0.0077234826436856,1953356352
intra_loso_session__VP_01__2026-05-04_11-53-40_3rep,mlp,51605,0,2061,0.2115477923338185,0.248794066874347,,,382.8861093521118,0.0079801393793023,518398289
intra_loso_session__VP_02__2026-02-04_15:06:58_5rep,mlp,12257,0,3636,0.253025302530253,0.2554764391718235,,,79.53590798377991,0.0046834562740179,670575260
intra_loso_session__VP_02__2026-02-24_12:46:57_3rep,mlp,14755,0,1138,0.4885764499121265,0.4230813136969196,,,114.79269003868104,0.001946526378236,451386575
intra_loso_session__VP_02__2026-02-24_12:57:14_5rep,mlp,11612,0,4281,0.6944639103013315,0.6026723067935188,,,92.5450439453125,0.0042027609561598,411004118
intra_loso_session__VP_02__2026-05-06_10-43-57_3rep,mlp,14754,0,1139,0.8858647936786654,0.8746051703734755,,,71.1227548122406,0.002125462907987,37626182
intra_loso_session__VP_02__2026-05-06_10-51-06_3rep,mlp,14752,0,1141,0.9044697633654688,0.8861552555847481,,,90.64386320114136,0.0016783330651566,675602782
intra_loso_session__VP_02__2026-05-06_10-54-51_3rep,mlp,14754,0,1139,0.897278314310799,0.878090317188079,,,72.5394241809845,0.0020955297588988,1507424931
intra_loso_session__VP_02__2026-05-06_11-02-58_3rep,mlp,14753,0,1140,0.8956140350877193,0.8891505053121619,,,93.28130292892456,0.0017814468919185,803040903
intra_loso_session__VP_02__2026-05-06_11-08-12_3rep,mlp,14754,0,1139,0.8928884986830553,0.8755124432777976,,,96.03088998794556,0.0017604040827428,1524495400
intra_loso_session__VP_02__2026-05-06_11-09-25_3rep,mlp,14753,0,1140,0.9008771929824562,0.8827299440549263,,,125.95951294898988,0.0020552099796763,2062711971
intra_loso_session__VP_04__2026-03-25_14-44-10_5rep,mlp,6528,0,2931,0.1924257932446264,0.0998391797146882,,,41.0730299949646,0.0056496499464073,675333813
intra_loso_session__VP_04__2026-03-25_15-12-50_5rep,mlp,7931,0,1528,0.3579842931937173,0.2636144578313253,,,33.53946018218994,0.0111530900625658,1576851026
intra_loso_session__VP_04__2026-03-26_14-55-57_manual,mlp,5957,0,3502,0.2875499714448886,0.1579051002741375,,,32.9973030090332,0.0049939909912667,846945874
intra_loso_session__VP_04__2026-03-27_10-48-46_manual,mlp,7961,0,1498,0.2082777036048064,0.1723756906077348,,,52.85040998458862,0.0109390836850664,90239532
intra_loso_session__VP_06__2026-05-04_11-21-18_3rep,mlp,5513,0,2054,0.697176241480039,0.4338391582656793,,,48.40936231613159,0.0086284542733761,160079581
intra_loso_session__VP_06__2026-05-04_11-31-06_3rep,mlp,5514,0,2053,0.6234778373112518,0.540295726158996,,,33.27576923370361,0.0084495172811843,2098590033
intra_loso_session__VP_06__2026-05-04_11-36-55_3rep,mlp,6144,0,1423,0.708362614195362,0.5395902787331245,,,53.43455910682678,0.0113142433086081,909074306
intra_loso_session__VP_06__2026-05-04_11-57-35_3rep,mlp,5530,0,2037,0.727540500736377,0.539251456838128,,,41.324568033218384,0.0095370942959904,1415616123
intra_loso_session__VP_12__2026-05-04_14-30-45_5rep,mlp,7914,0,4282,0.765063054647361,0.7278746188421099,,,43.6514368057251,0.0044933160517272,1514108334
intra_loso_session__VP_12__2026-05-04_14-45-30_3rep,mlp,11057,0,1139,0.935908691834943,0.930697691040066,,,47.43481206893921,0.001826968707988,1493306183
intra_loso_session__VP_12__2026-05-04_14-46-56_3rep,mlp,11056,0,1140,0.9166666666666666,0.9239398850911016,,,71.6931562423706,0.0017789372226648,1789767547
intra_loso_session__VP_12__2026-05-04_14-51-35_3rep,mlp,11057,0,1139,0.6505706760316067,0.5552874994934547,,,57.99059772491455,0.0016741631217333,274988352
intra_loso_session__VP_12__2026-05-04_14-57-16_3rep,mlp,11057,0,1139,0.7585601404741001,0.7610699907370676,,,57.13686108589173,0.0020201735793759,1478894121
intra_loso_session__VP_12__2026-05-04_14-58-52_3rep,mlp,11057,0,1139,0.7120280948200176,0.6586439975615654,,,66.76429200172424,0.0017269124473993,1755224084
intra_loso_session__VP_12__2026-05-04_15-00-08_3rep,mlp,9978,0,2218,0.7984670874661858,0.5891759859843289,,,65.57238388061523,0.007812454423139,865607387
intra_loso_session__VP_13__2026-05-06_12-30-00_3rep,mlp,11304,0,1140,0.7947368421052632,0.7639335911097451,,,97.96372318267822,0.0015457471211751,1425844268
intra_loso_session__VP_13__2026-05-06_12-36-17_3rep,mlp,10259,0,2185,0.880091533180778,0.7667416883537383,,,90.26815414428712,0.0078118365743885,1212008983
intra_loso_session__VP_13__2026-05-06_12-43-14_3rep,mlp,11301,0,1143,0.8521434820647419,0.8495954179123747,,,98.75822877883913,0.0142675685131643,275537132
intra_loso_session__VP_13__2026-05-06_12-50-29_3rep,mlp,11306,0,1138,0.9200351493848856,0.9205175305385468,,,99.0221676826477,0.0021091035464107,239826193
intra_loso_session__VP_13__2026-05-06_12-51-44_3rep,mlp,11304,0,1140,0.9298245614035088,0.9333302858710124,,,98.9476969242096,0.0019167598925138,1949434785
intra_loso_session__VP_13__2026-05-06_12-56-17_3rep,mlp,11303,0,1141,0.9079754601226994,0.9105831676511672,,,99.35908579826356,0.0017353780012607,1785618850
intra_loso_session__VP_13__2026-05-06_12-57-31_3rep,mlp,11305,0,1139,0.8990342405618964,0.9020914396217063,,,93.49022006988524,0.0017331921290262,369586781
intra_loso_session__VP_13__2026-05-06_13-06-21_3rep,mlp,11305,0,1139,0.9122036874451273,0.915993093220481,,,99.86873173713684,0.0016595105312705,1906478644
intra_loso_session__VP_13__2026-05-06_13-12-22_3rep,mlp,11304,0,1140,0.912280701754386,0.9166231400432244,,,90.64240431785583,0.0018008968286346,2077857808
intra_loso_session__VP_13__2026-05-06_13-13-37_3rep,mlp,11305,0,1139,0.9253731343283582,0.9300406023579042,,,99.68244099617004,0.0021474417936812,1080184401
intra_loso_session__VP_14__2026-05-13_15-57-37_5rep,mlp,2442,0,3080,0.5503246753246753,0.4789758756542235,,,15.29127287864685,0.0056903083603103,1115368452
intra_loso_session__VP_14__2026-05-13_16-11-51_4rep,mlp,3080,0,2442,0.4631449631449631,0.2889872347492743,,,15.292701005935667,0.0069271239172133,647072754
intra_loso_session__VP_01__2026-02-26_12:30:21_3rep,attention_net,52524,0,1142,0.882661996497373,0.861965932195581,,,420.902309179306,0.1130237679556664,1781513482
intra_loso_session__VP_01__2026-02-26_12:50:17_3rep,attention_net,52527,0,1139,0.9464442493415276,0.9479898717199892,,,383.7771623134613,0.0830368581207516,1317234758
intra_loso_session__VP_01__2026-03-02_10:15:18_3rep,attention_net,52527,0,1139,0.7208077260755048,0.6519041720263556,,,631.1612250804901,0.0612599688522432,1528888891
intra_loso_session__VP_01__2026-03-02_12:29:32_3rep,attention_net,52529,0,1137,0.8768689533861038,0.873644631044623,,,482.10075640678406,0.0783359155176812,99051565
intra_loso_session__VP_01__2026-03-02_12:33:18_3rep,attention_net,52528,0,1138,0.8304042179261862,0.8366278889847076,,,658.5505180358887,0.0883443493834698,481354892
intra_loso_session__VP_01__2026-03-02_12:35:53_5rep,attention_net,49377,0,4289,0.5236651900209839,0.3852374884746505,,,288.3867471218109,0.0698841043384682,1239986958
intra_loso_session__VP_01__2026-03-03_13:21:53_3rep,attention_net,52525,0,1141,0.8921998247151621,0.8892729394198261,,,519.8093519210815,0.0744442684832212,542620738
intra_loso_session__VP_01__2026-03-03_14:31:55_3rep,attention_net,52526,0,1140,0.912280701754386,0.9172830791486816,,,582.6690440177917,0.1018597368608441,1480443497
intra_loso_session__VP_01__2026-03-10_13:44:35_3rep,attention_net,52527,0,1139,0.8770851624231782,0.8694017643944296,,,308.499263048172,0.0464099870636549,1309813163
intra_loso_session__VP_01__2026-03-16_11:04:06_3rep,attention_net,52525,0,1141,0.6590709903593339,0.6395872817578807,,,860.3559317588806,0.0404479940349234,1284685890
intra_loso_session__VP_01__2026-03-16_11:11:49_3rep,attention_net,52528,0,1138,0.8875219683655536,0.8723378365101833,,,499.7685461044311,0.0400683582352837,1361422585
intra_loso_session__VP_01__2026-03-20_11:10:16_3rep,attention_net,52527,0,1139,0.543459174714662,0.3648437692992933,,,525.7389709949493,0.0351833815737917,1688228576
intra_loso_session__VP_01__2026-03-20_12:54:45_10rep,attention_net,47380,0,6286,0.9807508749602292,0.9809683053402384,,,345.5456781387329,0.0603605219409832,78791309
intra_loso_session__VP_01__2026-03-20_14:17:17_3rep,attention_net,52527,0,1139,0.9411764705882352,0.9428665734096696,,,246.62960577011108,0.0426873917952245,640993734
intra_loso_session__VP_01__2026-03-20_14:18:36_3rep,attention_net,52527,0,1139,0.9025460930640912,0.90150608323586,,,642.1830070018768,0.0387707543645227,1524468551
intra_loso_session__VP_01__2026-03-20_14:20:18_3rep,attention_net,52525,0,1141,0.9553023663453112,0.9562086943771116,,,376.36320209503174,0.0463225776745915,1863887333
intra_loso_session__VP_01__2026-03-24_08-57-34_3rep,attention_net,52528,0,1138,0.9551845342706504,0.9558362387710144,,,325.01293897628784,0.0428313320676136,1364883233
intra_loso_session__VP_01__2026-03-24_09-35-44_3rep,attention_net,52526,0,1140,0.7114035087719298,0.6901758579479396,,,768.4173531532288,0.0365244714837325,1507462281
intra_loso_session__VP_01__2026-03-25_10-21-07_5rep,attention_net,49382,0,4284,0.2044817927170868,0.1560222208692328,,,532.264172077179,0.0538187089309193,693997340
intra_loso_session__VP_01__2026-03-25_13-36-55_3rep,attention_net,52527,0,1139,0.8999122036874452,0.881361246456472,,,564.4701597690582,0.042426575684987,91429152
intra_loso_session__VP_01__2026-03-25_13-55-45_3rep,attention_net,52526,0,1140,0.9535087719298244,0.9469417774628652,,,846.0342242717743,0.0397069412365294,1183153871
intra_loso_session__VP_01__2026-03-26_12-38-48_3rep,attention_net,52526,0,1140,0.5070175438596491,0.3170476721500908,,,756.6013059616089,0.0363544413917943,751680381
intra_loso_session__VP_01__2026-03-30_09-32-13_3rep,attention_net,52526,0,1140,0.8964912280701754,0.8950683425708557,,,477.8284690380096,0.0364684222037332,2105237507
intra_loso_session__VP_01__2026-03-30_09-41-33_3rep,attention_net,52526,0,1140,0.8535087719298246,0.8327154318901695,,,464.1658067703247,0.0376755731147632,1779412060
intra_loso_session__VP_01__2026-04-27_09-29-56_3rep,attention_net,52527,0,1139,0.7155399473222125,0.7217520939596216,,,642.3971593379974,0.0642616566699047,1401113200
intra_loso_session__VP_01__2026-04-30_09-04-04_3rep,attention_net,52964,0,702,0.9586894586894588,0.7326503103005302,,,353.64884400367737,0.1136397364472392,1035772802
intra_loso_session__VP_01__2026-04-30_09-24-27_3rep,attention_net,52961,0,705,0.9134751773049644,0.7211867604646776,,,594.9870049953461,0.1178000835662192,66234768
intra_loso_session__VP_01__2026-04-30_09-51-33_3rep,attention_net,52968,0,698,0.8094555873925502,0.5212524584232351,,,438.4636161327362,0.3175212865572604,967736059
intra_loso_session__VP_01__2026-04-30_09-58-03_3rep,attention_net,52968,0,698,0.9383954154727794,0.7237593504834884,,,1131.1873619556427,0.285223083714701,909092621
intra_loso_session__VP_01__2026-04-30_10-25-22_3rep,attention_net,52970,0,696,0.9252873563218392,0.7263089077044054,,,533.1993269920349,0.3081306643869685,1015802098
intra_loso_session__VP_01__2026-04-30_11-12-19_3rep,attention_net,52968,0,698,0.7492836676217765,0.4425265791119449,,,556.5539140701294,0.2961445674513677,1105049187
intra_loso_session__VP_01__2026-04-30_11-29-09_3rep,attention_net,52735,0,931,0.9720730397422128,0.7240881869413839,,,527.8967642784119,0.0908121258564589,1189024812
intra_loso_session__VP_01__2026-05-01_11-38-54_3rep,attention_net,52561,0,1105,0.253393665158371,0.1696329750550874,,,462.5434820652008,0.095371746909025,993829132
intra_loso_session__VP_01__2026-05-04_08-55-07_3rep,attention_net,52963,0,703,0.9871977240398292,0.7445693146409285,,,365.2570931911469,0.2122220409713462,1003087417
intra_loso_session__VP_01__2026-05-04_09-00-24_3rep,attention_net,52959,0,707,1.0,1.0,,,696.6345829963684,0.1211098936693334,358072884
intra_loso_session__VP_01__2026-05-04_09-30-37_3rep,attention_net,51681,0,1985,0.9289672544080604,0.9177163480349284,,,482.8075680732727,0.5518710282947915,1557818098
intra_loso_session__VP_01__2026-05-04_09-43-34_3rep,attention_net,51616,0,2050,0.8721951219512195,0.8589010395475095,,,394.7795970439911,0.0660502038350919,593397326
intra_loso_session__VP_01__2026-05-04_11-53-40_3rep,attention_net,51605,0,2061,0.4303736050460941,0.4465840680182228,,,419.0696139335632,0.1061465889432371,1882723562
intra_loso_session__VP_02__2026-02-04_15:06:58_5rep,attention_net,12257,0,3636,0.2414741474147414,0.1573578523604835,,,260.5530240535736,0.0932145171170712,339205737
intra_loso_session__VP_02__2026-02-24_12:46:57_3rep,attention_net,14755,0,1138,0.4130052724077329,0.342160987767628,,,245.6101591587067,0.0443517218993711,1034299664
intra_loso_session__VP_02__2026-02-24_12:57:14_5rep,attention_net,11612,0,4281,0.714319084326092,0.6469804508428008,,,240.56375980377197,0.0771602941600832,964507765
intra_loso_session__VP_02__2026-05-06_10-43-57_3rep,attention_net,14754,0,1139,0.8612818261633012,0.8500644589377959,,,338.9059021472931,0.0523968262040269,1029240722
intra_loso_session__VP_02__2026-05-06_10-51-06_3rep,attention_net,14752,0,1141,0.8650306748466258,0.8394731296803759,,,277.38495779037476,0.0463794136548857,640192244
intra_loso_session__VP_02__2026-05-06_10-54-51_3rep,attention_net,14754,0,1139,0.8410886742756805,0.8263005208335505,,,349.8831386566162,0.0388036180317035,1183691815
intra_loso_session__VP_02__2026-05-06_11-02-58_3rep,attention_net,14753,0,1140,0.8964912280701754,0.8888667449453487,,,201.17354893684387,0.0449929321021364,165813792
intra_loso_session__VP_02__2026-05-06_11-08-12_3rep,attention_net,14754,0,1139,0.8955223880597015,0.8692138482550885,,,364.26418900489807,0.0361667797165653,1909169806
intra_loso_session__VP_02__2026-05-06_11-09-25_3rep,attention_net,14753,0,1140,0.8850877192982456,0.8614319024686813,,,346.338632106781,0.0364222024616442,412408373
intra_loso_session__VP_04__2026-03-25_14-44-10_5rep,attention_net,6528,0,2931,0.3036506311838963,0.1873900305292107,,,86.56299495697021,0.0630989289454574,371479952
intra_loso_session__VP_04__2026-03-25_15-12-50_5rep,attention_net,7931,0,1528,0.3612565445026178,0.1359501311037451,,,201.68757915496823,0.0846250207012236,495432347
intra_loso_session__VP_04__2026-03-26_14-55-57_manual,attention_net,5957,0,3502,0.414334665905197,0.2508863218863122,,,75.45643472671509,0.0535177544550784,1871670853
intra_loso_session__VP_04__2026-03-27_10-48-46_manual,attention_net,7961,0,1498,0.7583444592790387,0.2875221462920779,,,130.67270803451538,0.0870823064378807,486516965
intra_loso_session__VP_06__2026-05-04_11-21-18_3rep,attention_net,5513,0,2054,0.5068159688412853,0.2219646885204851,,,139.62609601020813,0.0718291105290815,532397232
intra_loso_session__VP_06__2026-05-04_11-31-06_3rep,attention_net,5514,0,2053,0.8412079883097906,0.816696103268684,,,139.70791006088257,0.0735435959657575,1045510644
intra_loso_session__VP_06__2026-05-04_11-36-55_3rep,attention_net,6144,0,1423,0.7153900210822206,0.5480683390623182,,,81.05525875091553,0.0869872615275379,944913822
intra_loso_session__VP_06__2026-05-04_11-57-35_3rep,attention_net,5530,0,2037,0.4320078546882671,0.4032923350647434,,,134.85319924354553,0.0734997544735743,785309200
intra_loso_session__VP_12__2026-05-04_14-30-45_5rep,attention_net,7914,0,4282,0.7804764128911723,0.7512164765612823,,,132.62947702407837,0.0525221875870912,101456465
intra_loso_session__VP_12__2026-05-04_14-45-30_3rep,attention_net,11057,0,1139,0.9253731343283582,0.9147530227635116,,,273.3715739250183,0.0369419017520465,1137793684
intra_loso_session__VP_12__2026-05-04_14-46-56_3rep,attention_net,11056,0,1140,0.7657894736842106,0.7761988790593655,,,206.14492917060852,0.0397613174036929,1170391595
intra_loso_session__VP_12__2026-05-04_14-51-35_3rep,attention_net,11057,0,1139,0.8068481123792801,0.7607477182707113,,,263.8620297908783,0.0396145342524581,246928145
intra_loso_session__VP_12__2026-05-04_14-57-16_3rep,attention_net,11057,0,1139,0.8419666374012291,0.8312467351472609,,,274.94131207466125,0.0377419331913145,1485642935
intra_loso_session__VP_12__2026-05-04_14-58-52_3rep,attention_net,11057,0,1139,0.8568920105355575,0.8420580199098054,,,209.30158305168152,0.0382124906678907,1170472406
intra_loso_session__VP_12__2026-05-04_15-00-08_3rep,attention_net,9978,0,2218,0.5852119026149685,0.494716051062862,,,146.10471510887146,0.0666455173406437,651607863
intra_loso_session__VP_13__2026-05-06_12-30-00_3rep,attention_net,11304,0,1140,0.8464912280701754,0.8357322600285868,,,180.15594387054443,0.0356159712138928,1135686259
intra_loso_session__VP_13__2026-05-06_12-36-17_3rep,attention_net,10259,0,2185,0.8338672768878719,0.7033565898467264,,,183.10998106002808,0.0668750474873069,590556564
intra_loso_session__VP_13__2026-05-06_12-43-14_3rep,attention_net,11301,0,1143,0.9011373578302712,0.9058449664901068,,,90.145770072937,0.2275641717518617,1417939071
intra_loso_session__VP_13__2026-05-06_12-50-29_3rep,attention_net,11306,0,1138,0.8585237258347979,0.8485981530859739,,,227.37199330329895,0.0380273443533791,1638058293
intra_loso_session__VP_13__2026-05-06_12-51-44_3rep,attention_net,11304,0,1140,0.9008771929824562,0.9032732480430368,,,213.3775990009308,0.0355097285488195,628872008
intra_loso_session__VP_13__2026-05-06_12-56-17_3rep,attention_net,11303,0,1141,0.8930762489044698,0.8918924921080842,,,267.1500930786133,0.0376642847353695,1969785106
intra_loso_session__VP_13__2026-05-06_12-57-31_3rep,attention_net,11305,0,1139,0.8718173836698858,0.8668982815914227,,,194.0147089958191,0.0376427142216093,1588836649
intra_loso_session__VP_13__2026-05-06_13-06-21_3rep,attention_net,11305,0,1139,0.9183494293239683,0.9200148970237472,,,182.63637828826904,0.0372403959520455,242357973
intra_loso_session__VP_13__2026-05-06_13-12-22_3rep,attention_net,11304,0,1140,0.9087719298245616,0.9127720060549868,,,168.68081998825073,0.0351316050479286,1029718275
intra_loso_session__VP_13__2026-05-06_13-13-37_3rep,attention_net,11305,0,1139,0.9174714661984196,0.9231812656266084,,,233.61602187156677,0.0381218539297423,118537301
intra_loso_session__VP_14__2026-05-13_15-57-37_5rep,attention_net,2442,0,3080,0.5646103896103896,0.4170774723818134,,,49.05624794960022,0.1107893206856467,557593834
intra_loso_session__VP_14__2026-05-13_16-11-51_4rep,attention_net,3080,0,2442,0.6027846027846028,0.5041723899913264,,,60.3013379573822,0.0709176161170103,994235104
intra_loso_session__VP_01__2026-02-26_12:30:21_3rep,cnn,52524,0,1142,0.8992994746059545,0.8800978812114424,,,341.00695610046387,0.2675290283096233,611611991
intra_loso_session__VP_01__2026-02-26_12:50:17_3rep,cnn,52527,0,1139,0.9525899912203688,0.9544593016933886,,,441.00019884109497,0.3179589104924524,987203314
intra_loso_session__VP_01__2026-03-02_10:15:18_3rep,cnn,52527,0,1139,0.6602282704126426,0.5399345080841114,,,328.6801631450653,0.2233477618424279,225829369
intra_loso_session__VP_01__2026-03-02_12:29:32_3rep,cnn,52529,0,1137,0.9129287598944592,0.915403821930492,,,373.3838720321655,0.2628662340873778,1749694406
intra_loso_session__VP_01__2026-03-02_12:33:18_3rep,cnn,52528,0,1138,0.8541300527240774,0.8496464612966909,,,381.1966049671173,0.1081316249022793,1505830194
intra_loso_session__VP_01__2026-03-02_12:35:53_5rep,cnn,49377,0,4289,0.7743063651200746,0.7541364036752101,,,402.3353810310364,0.2066852274294582,1106053691
intra_loso_session__VP_01__2026-03-03_13:21:53_3rep,cnn,52525,0,1141,0.8624014022787029,0.8716612761255713,,,340.5029237270355,0.2308967968124135,2118485882
intra_loso_session__VP_01__2026-03-03_14:31:55_3rep,cnn,52526,0,1140,0.925438596491228,0.9294293302526728,,,805.7450430393219,0.1066322912249648,188551881
intra_loso_session__VP_01__2026-03-10_13:44:35_3rep,cnn,52527,0,1139,0.874451273046532,0.8657061498245409,,,720.5198140144348,0.1854304162110018,2113089055
intra_loso_session__VP_01__2026-03-16_11:04:06_3rep,cnn,52525,0,1141,0.7195442594215601,0.6540388887718211,,,419.19543504714966,0.1862602835679451,264984777
intra_loso_session__VP_01__2026-03-16_11:11:49_3rep,cnn,52528,0,1138,0.9165202108963092,0.905985061061988,,,553.2054221630096,0.2043551007557418,439563339
intra_loso_session__VP_01__2026-03-20_11:10:16_3rep,cnn,52527,0,1139,0.723441615452151,0.6080473968631892,,,385.5492131710053,0.1794153185033086,470291178
intra_loso_session__VP_01__2026-03-20_12:54:45_10rep,cnn,47380,0,6286,0.9828189627744194,0.9834023195684573,,,307.0696749687195,0.0946142473988498,374298409
intra_loso_session__VP_01__2026-03-20_14:17:17_3rep,cnn,52527,0,1139,0.9385425812115892,0.940202388011947,,,485.3682110309601,0.1746366901079534,263892766
intra_loso_session__VP_01__2026-03-20_14:18:36_3rep,cnn,52527,0,1139,0.8999122036874452,0.9010288354125155,,,262.17594814300537,0.1833300720295223,1555972296
intra_loso_session__VP_01__2026-03-20_14:20:18_3rep,cnn,52525,0,1141,0.9605609114811569,0.960174569754826,,,407.4429771900177,0.1939103647243757,1828361903
intra_loso_session__VP_01__2026-03-24_08-57-34_3rep,cnn,52528,0,1138,0.9622144112478032,0.9633490978331016,,,251.2464780807495,0.1876341647129695,207644678
intra_loso_session__VP_01__2026-03-24_09-35-44_3rep,cnn,52526,0,1140,0.656140350877193,0.5866244019738052,,,640.5326590538025,0.065758981202778,1518661176
intra_loso_session__VP_01__2026-03-25_10-21-07_5rep,cnn,49382,0,4284,0.2429971988795518,0.180547027703337,,,344.8575119972229,0.1315931423482886,1955889810
intra_loso_session__VP_01__2026-03-25_13-36-55_3rep,cnn,52527,0,1139,0.9051799824407376,0.8864083834694713,,,768.3441119194031,0.2020613157089809,1374711389
intra_loso_session__VP_01__2026-03-25_13-55-45_3rep,cnn,52526,0,1140,0.9719298245614036,0.97136256066063,,,398.3283560276031,0.2003316293682968,1530921416
intra_loso_session__VP_01__2026-03-26_12-38-48_3rep,cnn,52526,0,1140,0.4228070175438596,0.2358674682376984,,,565.340815782547,0.1823264255858304,211988327
intra_loso_session__VP_01__2026-03-30_09-32-13_3rep,cnn,52526,0,1140,0.8324561403508772,0.796352746301279,,,922.9200279712676,0.1954026389540287,495578269
intra_loso_session__VP_01__2026-03-30_09-41-33_3rep,cnn,52526,0,1140,0.7526315789473684,0.7657428868614223,,,558.0169448852539,0.1858755161887721,1905724730
intra_loso_session__VP_01__2026-04-27_09-29-56_3rep,cnn,52527,0,1139,0.7848990342405618,0.7710292150268696,,,400.4543008804322,0.1876031860539115,1243999838
intra_loso_session__VP_01__2026-04-30_09-04-04_3rep,cnn,52964,0,702,0.9515669515669516,0.7308546631362166,,,538.0359091758728,0.3049247964494928,2059948541
intra_loso_session__VP_01__2026-04-30_09-24-27_3rep,cnn,52961,0,705,0.9120567375886524,0.7231081081081081,,,513.9372909069061,0.1557728922958915,301138004
intra_loso_session__VP_01__2026-04-30_09-51-33_3rep,cnn,52968,0,698,0.7822349570200573,0.4775644940410097,,,356.7059278488159,0.2890545181012085,990548767
intra_loso_session__VP_01__2026-04-30_09-58-03_3rep,cnn,52968,0,698,0.9369627507163324,0.72027526242285,,,480.60598707199097,0.2621514749390348,1755754949
intra_loso_session__VP_01__2026-04-30_10-25-22_3rep,cnn,52970,0,696,0.9066091954022988,0.7114958304636589,,,324.44000601768494,0.2979769788939377,1613215344
intra_loso_session__VP_01__2026-04-30_11-12-19_3rep,cnn,52968,0,698,0.7335243553008596,0.6060643122866024,,,639.3851139545441,0.2847479544259757,84120778
intra_loso_session__VP_01__2026-04-30_11-29-09_3rep,cnn,52735,0,931,0.9441460794844252,0.6978951373048562,,,469.2944519519806,0.2176907597755899,252559598
intra_loso_session__VP_01__2026-05-01_11-38-54_3rep,cnn,52561,0,1105,0.253393665158371,0.1697701809873169,,,476.44440603256226,0.2425918751712298,2125965781
intra_loso_session__VP_01__2026-05-04_08-55-07_3rep,cnn,52963,0,703,0.9886201991465148,0.7456331877729258,,,401.9536738395691,0.3021892748380962,1618981581
intra_loso_session__VP_01__2026-05-04_09-00-24_3rep,cnn,52959,0,707,0.9985855728429984,0.7494692144373674,,,357.26541090011597,0.2742913015492397,87360366
intra_loso_session__VP_01__2026-05-04_09-30-37_3rep,cnn,51681,0,1985,0.9370277078085644,0.9265694853805976,,,514.0240068435669,0.8547672396643036,972154796
intra_loso_session__VP_01__2026-05-04_09-43-34_3rep,cnn,51616,0,2050,0.8936585365853659,0.8785783224805571,,,457.14089488983154,0.3294556315352277,496354188
intra_loso_session__VP_01__2026-05-04_11-53-40_3rep,cnn,51605,0,2061,0.37117903930131,0.4295597916177524,,,457.0111780166626,0.4352332896714301,476944210
intra_loso_session__VP_02__2026-02-04_15:06:58_5rep,cnn,12257,0,3636,0.2912541254125412,0.1932033238931403,,,80.44540905952454,1.187913357490229,372451731
intra_loso_session__VP_02__2026-02-24_12:46:57_3rep,cnn,14755,0,1138,0.4499121265377855,0.3606455574344397,,,96.32134890556335,0.0615867872858298,1868576830
intra_loso_session__VP_02__2026-02-24_12:57:14_5rep,cnn,11612,0,4281,0.780892314879701,0.7374532099878501,,,144.9953351020813,0.3821994065959942,170966732
intra_loso_session__VP_02__2026-05-06_10-43-57_3rep,cnn,14754,0,1139,0.8762071992976295,0.8668289427980362,,,65.1197030544281,0.0538631318639097,112228950
intra_loso_session__VP_02__2026-05-06_10-51-06_3rep,cnn,14752,0,1141,0.8755477651183172,0.852615404517199,,,145.20744490623474,0.0560227242819997,1891204106
intra_loso_session__VP_02__2026-05-06_10-54-51_3rep,cnn,14754,0,1139,0.8533801580333626,0.831611802661042,,,198.20940113067627,0.0483872494852469,1720070422
intra_loso_session__VP_02__2026-05-06_11-02-58_3rep,cnn,14753,0,1140,0.9043859649122808,0.8955000665242022,,,88.62262034416199,0.0485447415134363,1827105025
intra_loso_session__VP_02__2026-05-06_11-08-12_3rep,cnn,14754,0,1139,0.935908691834943,0.9265674207611814,,,259.6389238834381,0.0490070540618226,1610407898
intra_loso_session__VP_02__2026-05-06_11-09-25_3rep,cnn,14753,0,1140,0.8728070175438597,0.8397603616624391,,,82.12743902206421,0.0481394299289636,1653295891
intra_loso_session__VP_04__2026-03-25_14-44-10_5rep,cnn,6528,0,2931,0.2910269532582736,0.2221975959100524,,,85.9594738483429,0.0571810886014732,1674762095
intra_loso_session__VP_04__2026-03-25_15-12-50_5rep,cnn,7931,0,1528,0.3606020942408377,0.1418997416638045,,,169.3752748966217,0.0824973533290843,1686028607
intra_loso_session__VP_04__2026-03-26_14-55-57_manual,cnn,5957,0,3502,0.4714448886350657,0.2117611082317314,,,127.06391882896423,0.0518720399169224,501220942
intra_loso_session__VP_04__2026-03-27_10-48-46_manual,cnn,7961,0,1498,0.7997329773030708,0.2221810089020771,,,88.5835657119751,0.0817196391453252,111039583
intra_loso_session__VP_06__2026-05-04_11-21-18_3rep,cnn,5513,0,2054,0.6738072054527751,0.3722140225976456,,,70.1063871383667,0.0649302936691388,1351943674
intra_loso_session__VP_06__2026-05-04_11-31-06_3rep,cnn,5514,0,2053,0.7886020457866537,0.781230512521564,,,59.365453243255615,0.0612450064070562,1842542699
intra_loso_session__VP_06__2026-05-04_11-36-55_3rep,cnn,6144,0,1423,0.7687983134223472,0.5826794797729205,,,55.799530029296875,0.0831181116700591,1937344730
intra_loso_session__VP_06__2026-05-04_11-57-35_3rep,cnn,5530,0,2037,0.697594501718213,0.5949133386436133,,,91.75918006896973,0.0652700413894466,825547985
intra_loso_session__VP_12__2026-05-04_14-30-45_5rep,cnn,7914,0,4282,0.4976646426903316,0.4807773966464412,,,71.52583312988281,0.4364446411061543,545537379
intra_loso_session__VP_12__2026-05-04_14-45-30_3rep,cnn,11057,0,1139,0.9508340649692713,0.9445620779366,,,174.62448573112488,0.0409562928934072,1453940861
intra_loso_session__VP_12__2026-05-04_14-46-56_3rep,cnn,11056,0,1140,0.9087719298245616,0.90855247073417,,,141.88946676254272,0.0402053197224934,1297272205
intra_loso_session__VP_12__2026-05-04_14-51-35_3rep,cnn,11057,0,1139,0.7840210711150132,0.6773951255014682,,,156.02856874465942,0.0397085201541408,2075989693
intra_loso_session__VP_12__2026-05-04_14-57-16_3rep,cnn,11057,0,1139,0.8674275680421423,0.855785323154348,,,146.32959699630737,0.0417050402660554,467269953
intra_loso_session__VP_12__2026-05-04_14-58-52_3rep,cnn,11057,0,1139,0.7506584723441615,0.6270958402464832,,,122.56498193740843,0.0425460989586191,406140101
intra_loso_session__VP_12__2026-05-04_15-00-08_3rep,cnn,9978,0,2218,0.7876465284039675,0.5990828570608009,,,130.96150016784668,0.0807776764989221,932099799
intra_loso_session__VP_13__2026-05-06_12-30-00_3rep,cnn,11304,0,1140,0.8649122807017544,0.8642565796357944,,,74.08511304855347,0.0416140807302374,944975449
intra_loso_session__VP_13__2026-05-06_12-36-17_3rep,cnn,10259,0,2185,0.8160183066361556,0.6936359587903818,,,154.11733102798462,0.0865145187901686,344044567
intra_loso_session__VP_13__2026-05-06_12-43-14_3rep,cnn,11301,0,1143,0.8241469816272966,0.8134045780906095,,,66.78555488586426,0.13108558020671,579075215
intra_loso_session__VP_13__2026-05-06_12-50-29_3rep,cnn,11306,0,1138,0.8998242530755711,0.8971909135355246,,,68.84065103530884,0.0398779166813265,1411586826
intra_loso_session__VP_13__2026-05-06_12-51-44_3rep,cnn,11304,0,1140,0.9035087719298246,0.9066910875309449,,,69.08116102218628,0.0408323187577097,1480971670
intra_loso_session__VP_13__2026-05-06_12-56-17_3rep,cnn,11303,0,1141,0.8860648553900088,0.8825547572658724,,,99.04000568389893,0.0423538799770666,536242565
intra_loso_session__VP_13__2026-05-06_12-57-31_3rep,cnn,11305,0,1139,0.8981562774363476,0.896652823761356,,,103.3681309223175,0.0404767345398324,2126484435
intra_loso_session__VP_13__2026-05-06_13-06-21_3rep,cnn,11305,0,1139,0.9104477611940298,0.9123862591996376,,,186.5261459350586,0.0420667499277652,708672844
intra_loso_session__VP_13__2026-05-06_13-12-22_3rep,cnn,11304,0,1140,0.9070175438596492,0.9091538668492646,,,200.95046305656433,0.0400930120233903,1433422278
intra_loso_session__VP_13__2026-05-06_13-13-37_3rep,cnn,11305,0,1139,0.9341527655838456,0.937881117613397,,,125.5675790309906,0.0398665588084179,627098569
intra_loso_session__VP_14__2026-05-13_15-57-37_5rep,cnn,2442,0,3080,0.5623376623376624,0.4613368417943859,,,10.19253706932068,0.1644369069631997,1948750174
intra_loso_session__VP_14__2026-05-13_16-11-51_4rep,cnn,3080,0,2442,0.5855855855855856,0.3585775219621152,,,10.481575965881348,0.0856162874938814,166988460
intra_loso_session__VP_01__2026-02-26_12:30:21_3rep,mstnet,52524,0,1142,0.8844133099824869,0.8680092028337729,,,1792.8373067378998,0.1303615169224513,1705146934
intra_loso_session__VP_01__2026-02-26_12:50:17_3rep,mstnet,52527,0,1139,0.9596136962247586,0.9608804152812876,,,808.6494610309601,0.1483177071187033,1549393546
intra_loso_session__VP_01__2026-03-02_10:15:18_3rep,mstnet,52527,0,1139,0.7655838454784899,0.7104845681964076,,,977.8074820041656,0.0968140609647434,1318089474
intra_loso_session__VP_01__2026-03-02_12:29:32_3rep,mstnet,52529,0,1137,0.8038698328935796,0.7853174440719366,,,746.8854646682739,0.1535864387988624,68748772
intra_loso_session__VP_01__2026-03-02_12:33:18_3rep,mstnet,52528,0,1138,0.8743409490333919,0.8764057130504852,,,1957.8601968288424,0.1460060293938447,1027866558
intra_loso_session__VP_01__2026-03-02_12:35:53_5rep,mstnet,49377,0,4289,0.7747726742830496,0.7542910344365995,,,883.1915371417999,0.096618781753508,426969185
intra_loso_session__VP_01__2026-03-03_13:21:53_3rep,mstnet,52525,0,1141,0.8422436459246275,0.8591918524681285,,,542.7485361099243,0.1485214016084395,391263312
intra_loso_session__VP_01__2026-03-03_14:31:55_3rep,mstnet,52526,0,1140,0.9289473684210526,0.932934697818416,,,1130.363921880722,0.1658140567311069,1946087815
intra_loso_session__VP_01__2026-03-10_13:44:35_3rep,mstnet,52527,0,1139,0.7857769973661106,0.8012260939979193,,,1158.2855579853058,0.0870711349205975,1794147221
intra_loso_session__VP_01__2026-03-16_11:04:06_3rep,mstnet,52525,0,1141,0.8001752848378615,0.7933754971491914,,,1292.8853149414062,0.0837294288521582,2063406669
intra_loso_session__VP_01__2026-03-16_11:11:49_3rep,mstnet,52528,0,1138,0.9578207381370826,0.9592940014745204,,,1855.6852288246157,0.0945842957454741,1892113836
intra_loso_session__VP_01__2026-03-20_11:10:16_3rep,mstnet,52527,0,1139,0.7102721685689201,0.6544313778776434,,,1881.5542662143707,0.1071150413828005,871491453
intra_loso_session__VP_01__2026-03-20_12:54:45_10rep,mstnet,47380,0,6286,0.979000954502068,0.9777405549473837,,,900.1763479709625,0.294344917513404,1911551661
intra_loso_session__VP_01__2026-03-20_14:17:17_3rep,mstnet,52527,0,1139,0.9429323968393328,0.9409740268417108,,,1243.3246040344238,0.109903429347868,1060845312
intra_loso_session__VP_01__2026-03-20_14:18:36_3rep,mstnet,52527,0,1139,0.9043020193151888,0.903295026459267,,,1319.8014631271362,0.1076373015714382,562500055
intra_loso_session__VP_01__2026-03-20_14:20:18_3rep,mstnet,52525,0,1141,0.9307624890446976,0.9301110292801908,,,972.7999420166016,0.093318202012887,55348623
intra_loso_session__VP_01__2026-03-24_08-57-34_3rep,mstnet,52528,0,1138,0.9657293497363796,0.9661531967921874,,,842.6481039524078,0.1107072997805523,1565835849
intra_loso_session__VP_01__2026-03-24_09-35-44_3rep,mstnet,52526,0,1140,0.7736842105263158,0.7606267984965878,,,865.8006119728088,0.1113630177681906,555213688
intra_loso_session__VP_01__2026-03-25_10-21-07_5rep,mstnet,49382,0,4284,0.1988795518207282,0.1654999096954331,,,1267.249756813049,1.0351804124207056,933565397
intra_loso_session__VP_01__2026-03-25_13-36-55_3rep,mstnet,52527,0,1139,0.9086918349429324,0.8871500826306661,,,1193.7968699932098,0.1126286018512247,1916307482
intra_loso_session__VP_01__2026-03-25_13-55-45_3rep,mstnet,52526,0,1140,0.974561403508772,0.9748821669110608,,,976.5246608257294,0.0981579747116356,181644390
intra_loso_session__VP_01__2026-03-26_12-38-48_3rep,mstnet,52526,0,1140,0.4552631578947368,0.2725684917115629,,,1328.8798260688782,0.1020341588739763,208958918
intra_loso_session__VP_01__2026-03-30_09-32-13_3rep,mstnet,52526,0,1140,0.7947368421052632,0.7130472491877295,,,1101.9086360931396,0.0919712217230545,628965574
intra_loso_session__VP_01__2026-03-30_09-41-33_3rep,mstnet,52526,0,1140,0.868421052631579,0.8645650944324218,,,1057.7261621952057,0.0792323497303745,803024038
intra_loso_session__VP_01__2026-04-27_09-29-56_3rep,mstnet,52527,0,1139,0.7611940298507462,0.7477190639493423,,,1112.6484489440918,0.1047718828450806,83808263
intra_loso_session__VP_01__2026-04-30_09-04-04_3rep,mstnet,52964,0,702,0.8689458689458689,0.7019450800312597,,,1322.9629199504852,0.273003877058328,600162168
intra_loso_session__VP_01__2026-04-30_09-24-27_3rep,mstnet,52961,0,705,0.90354609929078,0.7182432432432433,,,1065.079648733139,0.5077686715633312,99294698
intra_loso_session__VP_01__2026-04-30_09-51-33_3rep,mstnet,52968,0,698,0.7851002865329513,0.4958206149122202,,,1427.0283031463623,0.8877584107625792,457116184
intra_loso_session__VP_01__2026-04-30_09-58-03_3rep,mstnet,52968,0,698,0.9398280802292264,0.7215384270469016,,,1337.7576251029968,0.8066701342519853,1459455109
intra_loso_session__VP_01__2026-04-30_10-25-22_3rep,mstnet,52970,0,696,0.9238505747126436,0.7249103695532267,,,1173.238008975983,0.7937701269127857,622476441
intra_loso_session__VP_01__2026-04-30_11-12-19_3rep,mstnet,52968,0,698,0.7435530085959885,0.3875463109752125,,,1091.164722919464,0.8030012890397649,1711417507
intra_loso_session__VP_01__2026-04-30_11-29-09_3rep,mstnet,52735,0,931,0.9806659505907628,0.9719518219624966,,,1507.757385969162,0.3756198924030832,971013172
intra_loso_session__VP_01__2026-05-01_11-38-54_3rep,mstnet,52561,0,1105,0.2524886877828054,0.1672237061543259,,,385.1708228588104,0.1708803133727199,1559205571
intra_loso_session__VP_01__2026-05-04_08-55-07_3rep,mstnet,52963,0,703,0.9914651493598862,0.7467391304347826,,,1309.4924221038818,0.4387512315557488,1154738289
intra_loso_session__VP_01__2026-05-04_09-00-24_3rep,mstnet,52959,0,707,0.9971711456859972,0.7489384288747346,,,1743.788542985916,0.3095587038420552,1189010205
intra_loso_session__VP_01__2026-05-04_09-30-37_3rep,mstnet,51681,0,1985,0.9188916876574308,0.9081417966521794,,,1079.5862107276917,1.9813274556503488,1950434905
intra_loso_session__VP_01__2026-05-04_09-43-34_3rep,mstnet,51616,0,2050,0.6029268292682927,0.6492647024522228,,,1497.1677148342133,0.4256005403472156,1779855364
intra_loso_session__VP_01__2026-05-04_11-53-40_3rep,mstnet,51605,0,2061,0.53954391072295,0.48906294421639,,,1011.2871458530426,0.4225715394739616,150843033
intra_loso_session__VP_02__2026-02-04_15:06:58_5rep,mstnet,12257,0,3636,0.5701320132013201,0.3019723258804432,,,255.24371695518496,1.7026218250639762,1953834089
intra_loso_session__VP_02__2026-02-24_12:46:57_3rep,mstnet,14755,0,1138,0.4727592267135325,0.3745948582125361,,,322.8769471645355,0.1011818699761308,920355060
intra_loso_session__VP_02__2026-02-24_12:57:14_5rep,mstnet,11612,0,4281,0.8418593786498482,0.7987780685590786,,,86.25222992897034,0.1835064530456158,1151276789
intra_loso_session__VP_02__2026-05-06_10-43-57_3rep,mstnet,14754,0,1139,0.8964003511852502,0.887775174128077,,,325.15774297714233,0.1026056020065187,880077419
intra_loso_session__VP_02__2026-05-06_10-51-06_3rep,mstnet,14752,0,1141,0.873794916739702,0.8416476610606737,,,278.5486249923706,0.1692560866253089,1215770554
intra_loso_session__VP_02__2026-05-06_10-54-51_3rep,mstnet,14754,0,1139,0.8129938542581212,0.7627478125383205,,,2321.844039916992,0.2619786886293915,2026673028
intra_loso_session__VP_02__2026-05-06_11-02-58_3rep,mstnet,14753,0,1140,0.8973684210526316,0.8884091289296101,,,2507.4107921123505,0.3126340999937894,311605562
intra_loso_session__VP_02__2026-05-06_11-08-12_3rep,mstnet,14754,0,1139,0.9218612818261632,0.9086346636376972,,,1752.0395579338074,0.2611861928080758,317249788
intra_loso_session__VP_02__2026-05-06_11-09-25_3rep,mstnet,14753,0,1140,0.8728070175438597,0.847133961045833,,,1949.2296068668363,0.1928578343307762,1649333213
intra_loso_session__VP_04__2026-03-25_14-44-10_5rep,mstnet,6528,0,2931,0.3036506311838963,0.2173558650512896,,,937.4697368144988,1.5727461746876985,501698314
intra_loso_session__VP_04__2026-03-25_15-12-50_5rep,mstnet,7931,0,1528,0.3403141361256545,0.1338730363596884,,,1283.992058992386,0.8529084515197115,1013976131
intra_loso_session__VP_04__2026-03-26_14-55-57_manual,mstnet,5957,0,3502,0.4046259280411193,0.2390888418257388,,,1650.58740401268,1.3878075889966477,1286542774
intra_loso_session__VP_04__2026-03-27_10-48-46_manual,mstnet,7961,0,1498,0.8237650200267023,0.2258418740849194,,,1611.4769489765167,1.521877835048375,593257297
intra_loso_session__VP_06__2026-05-04_11-21-18_3rep,mstnet,5513,0,2054,0.5798442064264849,0.2479444107088049,,,1466.839294910431,1.421982612907016,1823553634
intra_loso_session__VP_06__2026-05-04_11-31-06_3rep,mstnet,5514,0,2053,0.7569410618606917,0.7500639528534975,,,1068.140244960785,0.6149017224355958,567309800
intra_loso_session__VP_06__2026-05-04_11-36-55_3rep,mstnet,6144,0,1423,0.7322557976106817,0.5604063289067996,,,616.8132729530334,1.7182558921551252,2000882900
intra_loso_session__VP_06__2026-05-04_11-57-35_3rep,mstnet,5530,0,2037,0.6769759450171822,0.5756113052874566,,,605.2501101493835,0.7882218882917011,591976229
intra_loso_session__VP_12__2026-05-04_14-30-45_5rep,mstnet,7914,0,4282,0.7788416627744045,0.7477364246937845,,,1260.2887799739838,1.472043690420879,1756103903
intra_loso_session__VP_12__2026-05-04_14-45-30_3rep,mstnet,11057,0,1139,0.9455662862159788,0.939132171668537,,,2108.3389987945557,0.4744697182297811,1529540063
intra_loso_session__VP_12__2026-05-04_14-46-56_3rep,mstnet,11056,0,1140,0.9289473684210526,0.927592505195484,,,1989.2443273067472,1.1202772458394368,1845044986
intra_loso_session__VP_12__2026-05-04_14-51-35_3rep,mstnet,11057,0,1139,0.7743634767339772,0.6501187271223287,,,2125.029988765717,0.726536348056542,1838705878
intra_loso_session__VP_12__2026-05-04_14-57-16_3rep,mstnet,11057,0,1139,0.7155399473222125,0.638378104203863,,,2305.274744749069,1.0402527056418562,1714916034
intra_loso_session__VP_12__2026-05-04_14-58-52_3rep,mstnet,11057,0,1139,0.7129060579455663,0.6267481083841733,,,2760.011584043503,1.025570600675427,1410398817
intra_loso_session__VP_12__2026-05-04_15-00-08_3rep,mstnet,9978,0,2218,0.8002705139765555,0.6321521433257894,,,1300.425047874451,1.5977664075529825,263245112
intra_loso_session__VP_13__2026-05-06_12-30-00_3rep,mstnet,11304,0,1140,0.8298245614035088,0.8036615981771864,,,756.1817500591278,0.3222814777441192,148371263
intra_loso_session__VP_13__2026-05-06_12-36-17_3rep,mstnet,10259,0,2185,0.8691075514874141,0.7436082724828709,,,285.34569215774536,0.3934625629974994,1898207303
intra_loso_session__VP_13__2026-05-06_12-43-14_3rep,mstnet,11301,0,1143,0.8713910761154856,0.8664309645657838,,,203.9091820716858,0.5683684077892821,811846399
intra_loso_session__VP_13__2026-05-06_12-50-29_3rep,mstnet,11306,0,1138,0.8910369068541301,0.8910592309674081,,,330.3497312068939,0.3356590002827569,1420847563
intra_loso_session__VP_13__2026-05-06_12-51-44_3rep,mstnet,11304,0,1140,0.906140350877193,0.9036664839235248,,,298.2683229446411,0.1182315642373603,606478706
intra_loso_session__VP_13__2026-05-06_12-56-17_3rep,mstnet,11303,0,1141,0.9202453987730062,0.9215672045742463,,,238.91500806808472,0.195556518594807,1063568646
intra_loso_session__VP_13__2026-05-06_12-57-31_3rep,mstnet,11305,0,1139,0.9271290605794557,0.9291446381026028,,,351.0746030807495,0.0801071773190787,1078983505
intra_loso_session__VP_13__2026-05-06_13-06-21_3rep,mstnet,11305,0,1139,0.929762949956102,0.9308889544233128,,,215.77180528640747,0.0814229799426366,583811571
intra_loso_session__VP_13__2026-05-06_13-12-22_3rep,mstnet,11304,0,1140,0.8894736842105263,0.8904798792615485,,,335.242928981781,0.0800770625733492,71237638
intra_loso_session__VP_13__2026-05-06_13-13-37_3rep,mstnet,11305,0,1139,0.920105355575066,0.923096210224958,,,146.54521989822388,0.0812061216037874,651164850
intra_loso_session__VP_14__2026-05-13_15-57-37_5rep,mstnet,2442,0,3080,0.5866883116883117,0.4593991230354476,,,51.97447395324707,0.3812960990063556,727316895
intra_loso_session__VP_14__2026-05-13_16-11-51_4rep,mstnet,3080,0,2442,0.515970515970516,0.3748795014844104,,,68.46269226074219,0.4514971294918576,1018556267
